-- phpMyAdmin SQL Dump
-- version 4.8.3
-- https://www.phpmyadmin.net/
--
-- Host: localhost
-- Generation Time: Nov 26, 2018 at 10:46 AM
-- Server version: 10.1.36-MariaDB-1~jessie
-- PHP Version: 5.6.38-0+deb8u1

SET SQL_MODE = "NO_AUTO_VALUE_ON_ZERO";
SET AUTOCOMMIT = 0;
START TRANSACTION;
SET time_zone = "+00:00";


/*!40101 SET @OLD_CHARACTER_SET_CLIENT=@@CHARACTER_SET_CLIENT */;
/*!40101 SET @OLD_CHARACTER_SET_RESULTS=@@CHARACTER_SET_RESULTS */;
/*!40101 SET @OLD_COLLATION_CONNECTION=@@COLLATION_CONNECTION */;
/*!40101 SET NAMES utf8mb4 */;

--
-- Database: `happy1074118`
--

-- --------------------------------------------------------

--
-- Table structure for table `admins`
--

CREATE TABLE `admins` (
  `id` int(11) NOT NULL,
  `lastName` varchar(255) NOT NULL,
  `firstName` varchar(255) NOT NULL,
  `email` varchar(255) NOT NULL,
  `role` int(11) NOT NULL,
  `login` varchar(255) NOT NULL,
  `password` varchar(255) NOT NULL
) ENGINE=InnoDB DEFAULT CHARSET=utf8;

--
-- Dumping data for table `admins`
--

INSERT INTO `admins` (`id`, `lastName`, `firstName`, `email`, `role`, `login`, `password`) VALUES
(2, 'HAD ABDOU RAZACK', 'Yassr', 'yassrhadj@gmail.com', 1, 'SmartDev', '$2y$10$mbBmevAtAk6o1f3zo77uaeyIt2AjgBQ1jTRWydiXbbcgJgWS9ijM2');

-- --------------------------------------------------------

--
-- Table structure for table `codesvalidation`
--

CREATE TABLE `codesvalidation` (
  `idCodesValidation` int(11) NOT NULL,
  `code` varchar(60) NOT NULL,
  `deja_genere` int(11) NOT NULL DEFAULT '0'
) ENGINE=InnoDB DEFAULT CHARSET=utf8;

--
-- Dumping data for table `codesvalidation`
--

INSERT INTO `codesvalidation` (`idCodesValidation`, `code`, `deja_genere`) VALUES
(1, '_hK422Af6sA', 1),
(2, '_cFiCl89Xa8', 1),
(3, '_hVn39KsDg9', 1),
(4, '_n1o6hFrJoF', 1),
(5, '_p4f8kQa8hG', 1),
(6, '_oSePg9mGqE', 1),
(7, '_j0xA5T67eF', 1),
(8, '_vGk5cXaU9T', 1),
(9, '_c0b8q8gH18', 1),
(10, '_i4sE7L5QkF', 1),
(11, '_0OrRdIxJvV', 1),
(12, '_4TzI6A56f2', 1),
(13, '_0QdQg8fB2A', 1),
(14, '_fSw84H4K41', 1),
(15, '_wTdRx9nV6C', 1),
(16, '_27zZiB3Mv1', 1),
(17, '_bMxV2M4YmB', 1),
(18, '_kPc10QzDiR', 1),
(19, '_jVqEkZp49D', 1),
(20, '_uPqSmXiJ5B', 1),
(21, '_hQzQzQkW3I', 1),
(22, '_u0qPsJkUoL', 1),
(23, '_15w62J1JvN', 1),
(24, '_13z42635u3', 1),
(25, '_nB6Ua0kHgG', 1),
(26, '_i423r8z1pK', 1),
(27, '_bE5HoQzEv2', 1),
(28, '_i6o7zRiNmF', 1),
(29, '_m7jKqJhI2R', 1),
(30, '_6JzLcV79gU', 1),
(31, '_yEyZyGwXe5', 1),
(32, '_u07VrRiN2K', 1),
(33, '_qOmRc3nWj7', 1),
(34, '_h1jNuNsZzG', 1),
(35, '_o2u7yNxY5U', 1),
(36, '_u15X9LaH2L', 1),
(37, '_xBjOpFrZmF', 1),
(38, '_5Hh66NmSgR', 1),
(39, '_cTlQkWkMzD', 1),
(40, '_qCaMw8lZ7N', 1),
(41, '_tFv50AiRvH', 1),
(42, '_39gFy60Z04', 1),
(43, '_oZbAhPwFxC', 1),
(44, '_9JcL6Z51u1', 1),
(45, '_bTuAnS4IyA', 1),
(46, '_47hJ9EjCu4', 1),
(47, '_2WaGyFhUvG', 1),
(48, '_4P4S0RqNiJ', 1),
(49, '_2MqM28aDvQ', 1),
(50, '_zWeWaDfJvG', 1),
(51, '_6T2K905Mi8', 1),
(52, '_vEf8dFrJ55', 1),
(53, '_aN4J92l03B', 1),
(54, '_d28Jg68ZxM', 1),
(55, '_dSlEsMhBb7', 1),
(56, '_8UxJqHvEyJ', 1),
(57, '_qMsLeDyUl9', 1),
(58, '_x4n4l8a9jT', 1),
(59, '_pV6Im78TgW', 1),
(60, '_p5oH3FzBlW', 1),
(61, '_bDdC199I4Y', 1),
(62, '_qR87h4wNx0', 1),
(63, '_pQqYz808qD', 1),
(64, '_wWkVrRaLm6', 1),
(65, '_nFvF6ZlIn8', 1),
(66, '_7NuJoFjF95', 1),
(67, '_pMo6kXc9bS', 1),
(68, '_589MpAvVkV', 1),
(69, '_2Dm1r3vC73', 1),
(70, '_nP5KaIhUyS', 1),
(71, '_bMgE13nDyW', 1),
(72, '_vT77eTfZbD', 1),
(73, '_7F74iYjJ9X', 1),
(74, '_gMoBbPe6lU', 1),
(75, '_yOvN2Ax479', 1),
(76, '_b05A0TsJfS', 1),
(77, '_g1xKj6vRxK', 1),
(78, '_5OtL1KoVmP', 1),
(79, '_hT3Ub3pIbQ', 1),
(80, '_hT7QpHoW70', 1),
(81, '_b92U4Ga9bN', 1),
(82, '_eRsGq0vKdB', 1),
(83, '_cEuT57l2dF', 1),
(84, '_jGiAlGu0xK', 1),
(85, '_uOo209n4q1', 1),
(86, '_zI8GgFqCfS', 1),
(87, '_iQwRaMw30H', 1),
(88, '_p1kQrFwLfX', 1),
(89, '_yZxTxEr2yZ', 1),
(90, '_02nR5YjC86', 1),
(91, '_9F9SoEwYvF', 1),
(92, '_z512p2n7r9', 1),
(93, '_e0tNo76Q4M', 1),
(94, '_01aRyX13j8', 1),
(95, '_cZlGbU546Z', 1),
(96, '_t3vP445Fa7', 1),
(97, '_70nB1YzT0K', 1),
(98, '_w4b505cU31', 1),
(99, '_fLmBrPmZvP', 1),
(100, '_e11Hq114jP', 1),
(101, '_cHfVlYkH0C', 1),
(102, '_lXeDmMr59H', 1),
(103, '_8066t1mWcB', 1),
(104, '_oOg9rDrFcA', 1),
(105, '_a5hKm9lTaK', 1),
(106, '_kQr1hN5MiD', 1),
(107, '_v23GoXtSbZ', 1),
(108, '_sBnBqO9GdQ', 1),
(109, '_fVpRl59U96', 1),
(110, '_xO6YaTpWcW', 1),
(111, '_8Kv1aA8DnG', 1),
(112, '_uS1S9Ve4vA', 1),
(113, '_8Yc6hG5H9M', 1),
(114, '_76k5nE5TiH', 1),
(115, '_k0x9uUvPzV', 1),
(116, '_pUv55Y42n0', 1),
(117, '_0W0Zr5mXrO', 1),
(118, '_0T3Fc3iW57', 1),
(119, '_2XpWsK6JiC', 1),
(120, '_hL3CjC2Td2', 1),
(121, '_1201iCa2tZ', 1),
(122, '_zX14pPm049', 1),
(123, '_1PdRyGmWxP', 1),
(124, '_7KwTd5b3uO', 1),
(125, '_jW9A7UnEj1', 1),
(126, '_bQ6StUiJlI', 1),
(127, '_vGeQ60qHfB', 1),
(128, '_cPtAlZqBmP', 1),
(129, '_s8ePePnCf7', 1),
(130, '_v8hIcUoPhM', 1),
(131, '_aApYf61Hp2', 1),
(132, '_cJrQpOd7uN', 1),
(133, '_7L8XpIoJ7T', 1),
(134, '_nR8C6LzEmN', 1),
(135, '_yQw0iWzM1E', 1),
(136, '_xLk4oQjJl1', 1),
(137, '_qFyWvEyOv9', 1),
(138, '_159Jf1p7jU', 1),
(139, '_wKtZ3XoR08', 1),
(140, '_kWk65SxDoN', 1),
(141, '_06gNbM0C31', 1),
(142, '_aPaR39xMzQ', 1),
(143, '_lOmO5JzAp0', 1),
(144, '_u13BvG6C2C', 1),
(145, '_y2k6hFo2nW', 1),
(146, '_bLbDeKaGkH', 1),
(147, '_aO48w09GoM', 1),
(148, '_591BvB43aI', 1),
(149, '_fNjDw0mQzO', 1),
(150, '_cOdO4Yk7vF', 1),
(151, '_98qCbNeCcB', 1),
(152, '_uJvXxGl50Z', 1),
(153, '_y73Q5MeVlD', 1),
(154, '_0D2IlUtGgZ', 1),
(155, '_bAwUqViHv4', 1),
(156, '_z35JiCtWaG', 1),
(157, '_6JxXo8pZwD', 1),
(158, '_1DbIy17HuN', 1),
(159, '_kVgU3LaJdT', 1),
(160, '_4HeVbYiEk7', 1),
(161, '_rXmFuAz692', 1),
(162, '_27gWiSaMcV', 1),
(163, '_7YcK0Rh0c6', 1),
(164, '_kNv2t1kKlK', 1),
(165, '_nCbG5JvE4N', 1),
(166, '_gIkH5CmOc5', 1),
(167, '_o3e7nFzXeS', 1),
(168, '_yVqDv2gP70', 1),
(169, '_7ZpSoP8Pe9', 1),
(170, '_kY6D69qIiV', 1),
(171, '_i68Z8QsX8S', 1),
(172, '_2J5T4Gq0aL', 1),
(173, '_iH64s0wEw8', 1),
(174, '_33mPaNlL9M', 1),
(175, '_uW6UpAn9yC', 1),
(176, '_zNv50HwH0A', 1),
(177, '_aOp36R7Ss1', 1),
(178, '_qJl70NkD60', 1),
(179, '_sPlZuC82eS', 1),
(180, '_lAsYgC127I', 1),
(181, '_o5m574eB83', 1),
(182, '_vM35wCy6y2', 1),
(183, '_cRx7xFy78O', 1),
(184, '_mDnZm3f59O', 1),
(185, '_mIcY956Rb5', 1),
(186, '_0Gq2yKhHsC', 1),
(187, '_774JcN85rU', 1),
(188, '_dO2UdDnW3H', 1),
(189, '_85aV2T2S2T', 1),
(190, '_gWaRzT217O', 1),
(191, '_j3bW32r2t0', 1),
(192, '_sUjA3Ut0yT', 1),
(193, '_kOh2wRlAp4', 1),
(194, '_uAfWvQsVw1', 1),
(195, '_c9gNiV3Gk8', 1),
(196, '_mP5OkI6Qe2', 1),
(197, '_kZp6eY7GoN', 1),
(198, '_3NfG2M2X2T', 1),
(199, '_dRoHgMk4xD', 1),
(200, '_iQj0tSiNnR', 1),
(201, '_nHzPtSr9bX', 1),
(202, '_yQxTuC757P', 1),
(203, '_s5vIv1e1cB', 1),
(204, '_bPt98Zz8n6', 1),
(205, '_aHcZs0vQuW', 1),
(206, '_qVwVt4d0fI', 1),
(207, '_iTcPbOoGbY', 1),
(208, '_kFm4kFwRpI', 1),
(209, '_z7lFxHrKm4', 1),
(210, '_lX9121eIzX', 1),
(211, '_s5vQa5dJx5', 1),
(212, '_tHbK47cUdQ', 1),
(213, '_kNiYa62C1K', 1),
(214, '_iCvZjO6Fb3', 1),
(215, '_93fSmTgI66', 1),
(216, '_w2xTfQzNkE', 1),
(217, '_y2dAyHu0bP', 1),
(218, '_u8hI8J4O58', 1),
(219, '_9F23zE3Is2', 1),
(220, '_iFdIr8f0nO', 1),
(221, '_jKr7fMa6mW', 1),
(222, '_m06Xd68EaF', 1),
(223, '_kI72mSuMhB', 1),
(224, '_9BxJmJ6YbO', 1),
(225, '_pHtWlWlC9S', 1),
(226, '_u65Vk24Q7M', 1),
(227, '_fYy7aQbQzD', 1),
(228, '_y496pAd7sN', 1),
(229, '_pA99jWxUv4', 1),
(230, '_51v9gZj3zG', 1),
(231, '_qRjHhWw2jJ', 1),
(232, '_y922lA1R63', 1),
(233, '_dVvTtHsX3H', 1),
(234, '_gT9K2OwPjR', 1),
(235, '_8FhJhErQ9I', 1),
(236, '_zEvS4Wy7iP', 1),
(237, '_oXj7pVi6aA', 1),
(238, '_9AhTpTsClO', 1),
(239, '_uXiWyUeChK', 1),
(240, '_uSp4o5uIuA', 1),
(241, '_rM8Ez26X7D', 1),
(242, '_uBl1xDz0o8', 1),
(243, '_wPaRkJ63fU', 1),
(244, '_vC89pCcJ5M', 1),
(245, '_wRt7fVmR4Y', 1),
(246, '_nZpPwAe0nW', 1),
(247, '_s35UhTwX0S', 1),
(248, '_4PmHlKb1a3', 1),
(249, '_zEcNjM6KiE', 1),
(250, '_7DgQoGh50T', 1),
(251, '_3Wd3sHjWk8', 1),
(252, '_fMzGeQjJo3', 1),
(253, '_x1tFoYtFyO', 1),
(254, '_nCxZjZ5PeR', 1),
(255, '_iGv678jEi9', 1),
(256, '_eA98xOm44J', 1),
(257, '_qCcL4QkM57', 1),
(258, '_8X1GnGaE0X', 1),
(259, '_rO7KfR39wA', 1),
(260, '_k6o2vW4LwT', 1),
(261, '_l0mHsVcNrV', 1),
(262, '_gLj3tQ5KrM', 1),
(263, '_tAwE208TmX', 1),
(264, '_aEbIk2oAnI', 1),
(265, '_sBu88Aj61G', 1),
(266, '_59cTnL6V4O', 1),
(267, '_tBvEqEnXdX', 1),
(268, '_aQeXc3fBiF', 1),
(269, '_hMfJeCpRt4', 1),
(270, '_aUbLgSfMgR', 1),
(271, '_9X0QpYpMpK', 1),
(272, '_dOsHhOvBcZ', 1),
(273, '_y8dDxRfSgR', 1),
(274, '_jBuJ1ViHyP', 1),
(275, '_xG18qCoOyD', 1),
(276, '_w4hOuSb32Q', 1),
(277, '_p9yFoDxQkR', 1),
(278, '_y7mFzX0T50', 1),
(279, '_g4eXjZeJ3L', 1),
(280, '_pY2G75vIa4', 1),
(281, '_9NgHpHeVnQ', 1),
(282, '_503FgBhTqW', 1),
(283, '_tYg6qPuBaH', 1),
(284, '_fWlT1CoY19', 1),
(285, '_4ThYo5aVqC', 1),
(286, '_zXxZy1xU07', 1),
(287, '_4Nm77Vp7zB', 1),
(288, '_9Th92JiUtG', 1),
(289, '_zL5S5Tw9j9', 1),
(290, '_tGs9lM4IeI', 1),
(291, '_v3iOlVsRo4', 1),
(292, '_9CnUb7gPrH', 1),
(293, '_qXiHkZsRyY', 1),
(294, '_t9vUpYs676', 1),
(295, '_mUmE6QvKlM', 1),
(296, '_m4x4yY2PbI', 1),
(297, '_rLhRyE3WhQ', 1),
(298, '_4XnDfQjOpN', 1),
(299, '_nH8UsIf46E', 1),
(300, '_oV7Fm3x0q7', 1),
(301, '_uVwIu4mOt3', 1),
(302, '_vKpWn6uRgI', 1),
(303, '_1Y082T4VwQ', 1),
(304, '_c59YyYa52D', 1),
(305, '_zBfYwDlReH', 1),
(306, '_e0979VlClT', 1),
(307, '_xGu0rKeYpI', 1),
(308, '_sW4NnHx4xN', 1),
(309, '_gNq9iK5FhM', 1),
(310, '_iDaPmAqC37', 1),
(311, '_9PfB2EiLzT', 1),
(312, '_g5xFyIlNfM', 1),
(313, '_22o7lSfDp7', 1),
(314, '_5997zKwDhF', 1),
(315, '_nD17v404xK', 1),
(316, '_eL6FbEfFkN', 1),
(317, '_fL8N84o6l4', 1),
(318, '_5QdPxAn4wV', 1),
(319, '_nWz3iJfOtP', 1),
(320, '_r6bM2O2Q1C', 1),
(321, '_hW0Jp4k2xD', 1),
(322, '_5OpC7T5225', 1),
(323, '_46eOf0aGaM', 1),
(324, '_pUsKt7nR4Q', 1),
(325, '_cSi6gNtCs3', 1),
(326, '_oO7H59vF3R', 1),
(327, '_9Q9MeNjDqL', 1),
(328, '_sJl315sTwU', 1),
(329, '_lXhS6Y1V2C', 1),
(330, '_yGfAd8d1b2', 1),
(331, '_0U8Z4RbCaC', 1),
(332, '_7Ec8nZxNn9', 1),
(333, '_53vKkTcB8A', 1),
(334, '_vP3TyIdVgG', 1),
(335, '_vXh228wU02', 1),
(336, '_5Sq38HxA01', 1),
(337, '_2Sy3rEq3i9', 1),
(338, '_3A8YsLb77O', 1),
(339, '_919BaS0RbO', 1),
(340, '_2L7H2Ip1kT', 1),
(341, '_3L2ShTc7k3', 1),
(342, '_bB30rFlQnU', 1),
(343, '_v9c9wA7FxU', 1),
(344, '_rVuNi2o4dR', 1),
(345, '_dB90p6aNsW', 1),
(346, '_0JbI3EsEhN', 1),
(347, '_c5lOg551cB', 1),
(348, '_cRfI0LjLnC', 1),
(349, '_x9qAg1mHp9', 1),
(350, '_nAa5j6jElM', 1),
(351, '_27g7rEk8sO', 1),
(352, '_6UhQwNnK62', 1),
(353, '_m6u2cXbX2E', 1),
(354, '_oWxQpTtMjW', 1),
(355, '_fFxKyIc31L', 1),
(356, '_eHaX1Nf1cZ', 1),
(357, '_kK1T0TbOkM', 1),
(358, '_aPjTvRtJtB', 1),
(359, '_z5iZ25qIu3', 1),
(360, '_qZfEyVoQ4H', 1),
(361, '_1MoIoL15qY', 1),
(362, '_j6lQ5V8Y24', 1),
(363, '_5GbNvOo4gN', 1),
(364, '_jQuQyJgPw9', 1),
(365, '_dW546H3RqB', 1),
(366, '_xQsW7GrWjU', 1),
(367, '_mRbV1NbU8C', 1),
(368, '_eJzG8CuT1V', 1),
(369, '_gZ0CoFeFy5', 1),
(370, '_3R46l3zW68', 1),
(371, '_iD9Y0WfG4X', 1),
(372, '_8980g34C2F', 1),
(373, '_uJn0wGvF3J', 1),
(374, '_oAeAjIcY24', 1),
(375, '_x49HrD8G6Y', 1),
(376, '_2PbWmJsRmX', 1),
(377, '_yEb5b7jPxB', 1),
(378, '_40qVuMc5n6', 1),
(379, '_t5vVb0rR1N', 1),
(380, '_9Km8i5pWrG', 1),
(381, '_qLrN02yXh2', 1),
(382, '_25yN5OoM4J', 1),
(383, '_z90Gx2cR43', 1),
(384, '_a1pK61sN84', 1),
(385, '_850FuNx2oI', 1),
(386, '_n2zSyKtV8R', 1),
(387, '_y5uGhSyRpA', 1),
(388, '_pWoKb1e33M', 1),
(389, '_tA5Ya3nYtD', 1),
(390, '_cZuU5Q7VnL', 1),
(391, '_09sAw9fXwO', 1),
(392, '_uXg77SaC1G', 1),
(393, '_o5d4w95Wv7', 1),
(394, '_sXtPvKdRqH', 1),
(395, '_iDgKsTfLkQ', 1),
(396, '_c78PfW0BsP', 1),
(397, '_rRiI62qUn6', 1),
(398, '_6Ie8zToH0L', 1),
(399, '_0OkGsNiYlP', 1),
(400, '_jSjRqScKlB', 1),
(401, '_jD03pSoZq6', 1),
(402, '_3KyG62nGgX', 1),
(403, '_3R4UbPm2fX', 1),
(404, '_aBuFiYc25C', 1),
(405, '_7WhX2L282P', 1),
(406, '_2R12lZpRdI', 1),
(407, '_mFy1cJnH6A', 1),
(408, '_rYy6cLdEbK', 1),
(409, '_171XnV4S2J', 1),
(410, '_4E1VrCgI34', 1),
(411, '_uQ7Mu47Mz1', 1),
(412, '_9AlU99a1kE', 1),
(413, '_q7z8bOoI95', 1),
(414, '_wEb025yLgL', 1),
(415, '_uEbLxGcI2E', 1),
(416, '_pB7VqG8Hi9', 1),
(417, '_e157404PbS', 1),
(418, '_kPiLwSeH29', 1),
(419, '_zRdH0WlW20', 1),
(420, '_mO2Uo58ZlD', 1),
(421, '_iD7EhR9SnZ', 1),
(422, '_nM9GpIlZ81', 1),
(423, '_6AuTo4t924', 1),
(424, '_jXhYs0y9jI', 1),
(425, '_tN5Ye3hZ1C', 1),
(426, '_qG1Jc4i3b0', 1),
(427, '_a39L6Xh4d8', 1),
(428, '_uBqS7KzH54', 1),
(429, '_9Jj3q4lD5I', 1),
(430, '_8Lc977x94F', 1),
(431, '_x7xOv7jAe3', 1),
(432, '_m9mVmXo3qV', 1),
(433, '_iTn7202KmF', 1),
(434, '_5H9S6GoP3W', 1),
(435, '_dFt4dI7654', 1),
(436, '_u0kD46sCi9', 1),
(437, '_6Sb4vCe9zA', 1),
(438, '_6X0Lg5eVoT', 1),
(439, '_hT5Y1N7Ok8', 1),
(440, '_03tOfCaL96', 1),
(441, '_9Bi26Lt046', 1),
(442, '_c5kFrX9ZgK', 1),
(443, '_aQzVbQkXnD', 1),
(444, '_f5b6eWdHc4', 1),
(445, '_pYyDy8jP5U', 1),
(446, '_h498gIhRjZ', 1),
(447, '_hZp9t92Dz4', 1),
(448, '_gN6Z5BmKoS', 1),
(449, '_m4iCpN42wH', 1),
(450, '_3S4Cn5nB5J', 1),
(451, '_dHnOv5eBh7', 1),
(452, '_41c7gWg9qY', 1),
(453, '_x7fW2K9BpH', 1),
(454, '_6Uy93OtE4T', 1),
(455, '_iTzWqVuKg4', 1),
(456, '_5ZcX32iQoK', 1),
(457, '_aLwQlBy94Z', 1),
(458, '_hUvJv1v9yR', 1),
(459, '_fBl861zOe4', 1),
(460, '_fSlD0X5KwA', 1),
(461, '_v2mUiKa7p3', 1),
(462, '_oR4O1ZsE7L', 1),
(463, '_mTtBqEwOiG', 1),
(464, '_8XvB6MpJmO', 1),
(465, '_wIqVz55CxI', 1),
(466, '_pXf0dXpNeZ', 1),
(467, '_0Zb0xVtHlG', 1),
(468, '_fObMzV9QaZ', 1),
(469, '_gYa2b6e3rW', 1),
(470, '_iYkMmD3ZeN', 1),
(471, '_2AmDiFeZ79', 1),
(472, '_wDvT4VhX9O', 1),
(473, '_kNfQs63K6Z', 1),
(474, '_67pYmN0TmK', 1),
(475, '_g2nNpHn1kE', 1),
(476, '_xKb5o2x2gY', 1),
(477, '_6C3D1JcOrP', 1),
(478, '_s8nRwH0X2N', 1),
(479, '_9Tx1q1yAjC', 1),
(480, '_xGsDjX34sN', 1),
(481, '_rNlG9YvSzT', 1),
(482, '_hZn18NdN4I', 1),
(483, '_55z2xTx070', 1),
(484, '_hX86oLo4gB', 1),
(485, '_1HvTqN4AhZ', 1),
(486, '_tZjWoUcCvA', 1),
(487, '_v8fZo5oTs7', 1),
(488, '_3Z2710bFhD', 1),
(489, '_nKaXbH0UtN', 1),
(490, '_s9sDsVh4g7', 1),
(491, '_0NqYhZlFgH', 1),
(492, '_oNiKgKmMa3', 1),
(493, '_yQcYr6yR7T', 1),
(494, '_7Cw02OtOyK', 1),
(495, '_aV8Pl452tI', 1),
(496, '_6Lc344nIeI', 1),
(497, '_9R5MmIlHq2', 1),
(498, '_v4y2dKrI2P', 1),
(499, '_rB69y781z1', 1),
(500, '_oXq8lBvD66', 1),
(501, '_pUmE1N4AqV', 1),
(502, '_52jOsQvJw7', 1),
(503, '_f4kQgZvPx3', 1),
(504, '_r2vBzXkXpL', 1),
(505, '_zT1XnXiToN', 1),
(506, '_e3bJm436kH', 1),
(507, '_vL3M53i7fD', 1),
(508, '_sXoKyH3AjK', 1),
(509, '_uYcJcMj2oW', 1),
(510, '_v6cXe8wZvJ', 1),
(511, '_p3i75MfMjW', 1),
(512, '_7943zFfNxR', 1),
(513, '_b5tHfJbLyW', 1),
(514, '_60y6rGjH6G', 1),
(515, '_oFh9oSf865', 1),
(516, '_yOgR9Ub3x0', 1),
(517, '_zI3Xj36490', 1),
(518, '_3S2LgLpJ4L', 1),
(519, '_wBmImY5J1C', 1),
(520, '_p929s1yMnN', 1),
(521, '_3DgO6Xt8yB', 1),
(522, '_sOb67B8NbG', 1),
(523, '_sToAbS5Z0T', 1),
(524, '_9JhShGcU39', 1),
(525, '_e6uWiG55z8', 1),
(526, '_jT4DvS5B4J', 1),
(527, '_oBo687wEmE', 1),
(528, '_s9108BbOpE', 1),
(529, '_sEkVtV6TcY', 1),
(530, '_u1wBfAa6fF', 1),
(531, '_3Io92091iM', 1),
(532, '_wCmRb17HvQ', 1),
(533, '_kA1JwV3De3', 1),
(534, '_dY26bXrLe4', 1),
(535, '_v3u5d7a65N', 1),
(536, '_yC67kCoDyL', 1),
(537, '_yBv2j706bC', 1),
(538, '_p7s8wVwReZ', 1),
(539, '_qU2UeLsD60', 1),
(540, '_0V4T9OjW5A', 1),
(541, '_b937bOs5j3', 1),
(542, '_dDf0nSy7n0', 1),
(543, '_3EqAxOmQy1', 1),
(544, '_r9jAmDg3vR', 1),
(545, '_xKtHsNx27O', 1),
(546, '_0SeNrIpP37', 1),
(547, '_cT408NcW8G', 1),
(548, '_e82RpHp7aS', 1),
(549, '_oU2U64m20C', 1),
(550, '_tG03t86M40', 1),
(551, '_rUzH8JeC83', 1),
(552, '_qI4F7UfX2Y', 1),
(553, '_0C71jPa7b7', 1),
(554, '_dCtUlNmBwF', 1),
(555, '_dU7Z3O4UwH', 1),
(556, '_9YnEx3sDoX', 1),
(557, '_ePaAkMkJo9', 1),
(558, '_9Eh5tUbHaG', 1),
(559, '_n2d5388OqL', 1),
(560, '_mEeIcOsD4F', 1),
(561, '_k8gYjPuI68', 1),
(562, '_9LhPoIw7fR', 1),
(563, '_82zQiPsR4G', 1),
(564, '_v5hQhB7Yx9', 1),
(565, '_dLr71MeNwD', 1),
(566, '_hCy05PrBhR', 1),
(567, '_jQx2vB0Zm8', 1),
(568, '_u4jOqTiEaA', 1),
(569, '_7JdI3Mf4sN', 1),
(570, '_pEsHlRl7sM', 1),
(571, '_3CpPmLz5tY', 1),
(572, '_wAoKwFd90E', 1),
(573, '_fEk09Er3uO', 1),
(574, '_aVsQ5YdHgP', 1),
(575, '_705XkW6V23', 1),
(576, '_xU5I6HqNsP', 1),
(577, '_wQiGaCoQ4R', 1),
(578, '_wZdZnQmMv4', 1),
(579, '_mBgYnUwB6R', 1),
(580, '_fKu3bH901R', 1),
(581, '_k2aN6Dp0rB', 1),
(582, '_lVzQ92mA4M', 1),
(583, '_zTzYx4u5n0', 1),
(584, '_5A6YeYrH2I', 1),
(585, '_a70Y3Bm9vM', 1),
(586, '_2XhAgJiWj3', 1),
(587, '_gRz6lEg9z1', 1),
(588, '_hA4Hv42GtA', 1),
(589, '_oXkYj6w0fR', 1),
(590, '_lBd8oYc8s6', 1),
(591, '_gEw4r6hKkW', 1),
(592, '_35qZoHxT7R', 1),
(593, '_o5yYzFjXy8', 1),
(594, '_65448UbR9G', 1),
(595, '_uW0U5Am2pW', 1),
(596, '_2Zu8f4mWcD', 1),
(597, '_n470q7uVuD', 1),
(598, '_6Ea21N1BuD', 1),
(599, '_gYjYp25PpQ', 1),
(600, '_v87ElK17x5', 1),
(601, '_4B7FwLkMlE', 1),
(602, '_786MnEmZ5G', 1),
(603, '_yGuR3Ap0jG', 1),
(604, '_4LdAt1zJw1', 1),
(605, '_gKiIfUn6oT', 1),
(606, '_xK6RrK4A3J', 1),
(607, '_1G3ZsA3TkN', 1),
(608, '_fY3439kIr0', 1),
(609, '_fY27dTwNtZ', 1),
(610, '_j0vZhF3ViX', 1),
(611, '_qIjJrSp9iA', 1),
(612, '_75eW1J2TqB', 1),
(613, '_9A6GlBsVpX', 1),
(614, '_h5iQgLy0gC', 1),
(615, '_tAdZcOiVw8', 1),
(616, '_bLl2xD9D8F', 1),
(617, '_38wKbAr3tQ', 1),
(618, '_9AeBnG50c5', 1),
(619, '_8S9BpVw6gD', 1),
(620, '_z6nZsJdEv7', 1),
(621, '_tDz72SdJo8', 1),
(622, '_yItU8Kl26D', 1),
(623, '_k4xUrXhXl6', 1),
(624, '_jNaKyAcKeE', 1),
(625, '_gJ1PuXjTd0', 1),
(626, '_gEj24Qy9tA', 1),
(627, '_jKzK7C31jH', 1),
(628, '_d7qUz2fNpR', 1),
(629, '_jQm7dL4Uc1', 1),
(630, '_jZ89nKbTpZ', 1),
(631, '_04d3p0mZhK', 1),
(632, '_sAmVyO0FrP', 1),
(633, '_xOiPsHdNlV', 1),
(634, '_sZuFlSg798', 1),
(635, '_5Cf3kXmM0P', 1),
(636, '_eN59o633fT', 1),
(637, '_aBi25KeMvU', 1),
(638, '_eSlKcQxH26', 1),
(639, '_vLpYeTuMn0', 1),
(640, '_k1y149mHgW', 1),
(641, '_rUxT2Iw20C', 1),
(642, '_sJzXpPwReN', 1),
(643, '_8UaJrOoKzT', 1),
(644, '_sXhWpK8DaW', 1),
(645, '_tQr2wY2PaI', 1),
(646, '_g8v1jXcTiA', 1),
(647, '_38eEcYdZ2F', 1),
(648, '_eU89bP1U9D', 1),
(649, '_iAo4dAdPiZ', 1),
(650, '_x5y6eOaYeR', 1),
(651, '_6Nv95IzNr8', 1),
(652, '_2R20gC2A0X', 1),
(653, '_9K8E2FgZq3', 1),
(654, '_066OcVxRsL', 1),
(655, '_fEoP45g8rB', 1),
(656, '_fRuP4DzDyR', 1),
(657, '_a3x2h0d2r1', 1),
(658, '_s6kQsNo254', 1),
(659, '_s8e9mAj6kR', 1),
(660, '_y3c7p4dWf5', 1),
(661, '_rU81bV3T7P', 1),
(662, '_yFfZb01HkX', 1),
(663, '_51b3uYt3mR', 1),
(664, '_bVwEfWb1mU', 1),
(665, '_6624m7gDlG', 1),
(666, '_bNhU8QwJdV', 1),
(667, '_d3f8e0y1f8', 1),
(668, '_91kJhKsEoX', 1),
(669, '_62b6bP2631', 1),
(670, '_vHnLlH4JoO', 1),
(671, '_vM2GjLqJoU', 1),
(672, '_xKh5sOgO1O', 1),
(673, '_sK3SqHrTv8', 1),
(674, '_1Uv7pBp29K', 1),
(675, '_oYjNeRyAnD', 1),
(676, '_6DpYrVsI3U', 1),
(677, '_uCbCeIhGpD', 1),
(678, '_56tF473OsI', 1),
(679, '_jI7BfM6G3M', 1),
(680, '_r1q3cIrFzH', 1),
(681, '_pRnVyV9L73', 1),
(682, '_vO0EeL11u2', 1),
(683, '_qO0YjZsSxB', 1),
(684, '_rCyYxO8OjM', 1),
(685, '_95xOf8mD5Q', 1),
(686, '_rP8C15cN3A', 1),
(687, '_rZy68C34oM', 1),
(688, '_nO27fDmY3Z', 1),
(689, '_g5oT06iXq6', 1),
(690, '_qUsDqXrLvE', 1),
(691, '_53oJ5Mt9qN', 1),
(692, '_oQ4K2M313Y', 1),
(693, '_vBm7x0iB36', 1),
(694, '_dIfKxRrEk7', 1),
(695, '_lUxPtL2Ri6', 1),
(696, '_dC5LkDk34B', 1),
(697, '_jYm5zKqSmQ', 1),
(698, '_aSlIuLyOtY', 1),
(699, '_xVp919hP9S', 1),
(700, '_pNz53QuRcG', 1),
(701, '_k14HmDwNz8', 1),
(702, '_n4tMuQiGgM', 1),
(703, '_64qIbTvVy4', 1),
(704, '_v8i3aScZ8G', 1),
(705, '_p2kUlB1Ay1', 1),
(706, '_jM8KnWtVa5', 1),
(707, '_lCv41FoTlE', 1),
(708, '_uNw8oN71gQ', 1),
(709, '_yM8F9EmBrX', 1),
(710, '_rJdQ39qHgN', 1),
(711, '_5Z13sU990A', 1),
(712, '_s98B0Qd1tB', 1),
(713, '_w85ZyVlPhW', 1),
(714, '_oF1MfBsN89', 1),
(715, '_mLh5iYhUzA', 1),
(716, '_jTsM6D1B9L', 1),
(717, '_2Xl81UsJw9', 1),
(718, '_l01ZzWa3kZ', 1),
(719, '_aEfRoArEj1', 1),
(720, '_2C6RjD5Tt2', 1),
(721, '_wZuGwRvJ60', 1),
(722, '_kSk8wDkKb9', 1),
(723, '_k3o5fXaQ5U', 1),
(724, '_a3q7jPmUpB', 1),
(725, '_x0qNd75Q1J', 1),
(726, '_yFx6lPpNwN', 1),
(727, '_s3vF4JrTf7', 1),
(728, '_gZdY3HrNx0', 1),
(729, '_c3kT600F8B', 1),
(730, '_uX0HjT3L11', 1),
(731, '_yOhY8Bf2fT', 1),
(732, '_wFx87ZfA5R', 1),
(733, '_xC8Y0P888J', 1),
(734, '_gAcVoLmEfL', 1),
(735, '_jHjVqYsQ8X', 1),
(736, '_iA116X1LvO', 1),
(737, '_3Rc7oKmE6S', 1),
(738, '_gAcWnZjGl8', 1),
(739, '_9WiIbCtPc8', 1),
(740, '_lB0McPk4sE', 1),
(741, '_p1mImM5076', 1),
(742, '_rJ23xI8Z4G', 1),
(743, '_vBhHhPy4iG', 1),
(744, '_a2a02Uu9oE', 1),
(745, '_l317tTkBiJ', 1),
(746, '_40eGhJs2qV', 1),
(747, '_r2dQ2Z3XcI', 1),
(748, '_aMtMkZrEk8', 1),
(749, '_r9qIi6qPn8', 1),
(750, '_675Gb0d3vT', 1),
(751, '_f3g3jOe0z2', 1),
(752, '_mQ4RpYvVuN', 1),
(753, '_iKjF3N577I', 1),
(754, '_cWm6pVlYyD', 1),
(755, '_0NhEwHtBlL', 1),
(756, '_rO9V22wHlK', 1),
(757, '_0IxK8TyWwS', 1),
(758, '_tC0UyHt11N', 1),
(759, '_bDs3g37KoZ', 1),
(760, '_vHi4jGz5z1', 1),
(761, '_uVo6bI1HoK', 1),
(762, '_rD6DwZ1FpB', 1),
(763, '_6Ti7xVzR3N', 1),
(764, '_vF81i0kVsL', 1),
(765, '_8GvJz5oQ5N', 1),
(766, '_kDr67QeCv2', 1),
(767, '_hApDsKz50K', 1),
(768, '_r0fLoNsWxU', 1),
(769, '_7Lk8zFyLiJ', 1),
(770, '_2HgQkF4H49', 1),
(771, '_iYfUgK5IqX', 1),
(772, '_wRd8y8uYbY', 1),
(773, '_u5l82SgD9S', 1),
(774, '_yAgWt1uYz2', 1),
(775, '_07aDdRyS18', 1),
(776, '_342Uk2w1tQ', 1),
(777, '_zEeWbF30gR', 1),
(778, '_iYtHfFqYkT', 1),
(779, '_9Lv5zNvZ1V', 1),
(780, '_kOuJe0y1lI', 1),
(781, '_fHqW8YeCnB', 1),
(782, '_3DyXoDqLoD', 1),
(783, '_yJb3uMm544', 1),
(784, '_8D93jDhIz3', 1),
(785, '_m4x5tP91oP', 1),
(786, '_7WqWd2iCv1', 1),
(787, '_eB8QcB2R37', 1),
(788, '_iIuPeMa4nY', 1),
(789, '_oH6HoMbByG', 1),
(790, '_cR31sS65q3', 1),
(791, '_31sH0F9WqN', 1),
(792, '_bCgLhGtLeV', 1),
(793, '_jMeHuKvJzB', 1),
(794, '_u1mZv7lLkJ', 1),
(795, '_1QuWoV3TmX', 1),
(796, '_kVkP218Ua6', 1),
(797, '_141V2Y0AbH', 1),
(798, '_h4vRpD4Hz5', 1),
(799, '_126Ht8k2mO', 1),
(800, '_9S7KqS37q4', 1),
(801, '_70tJ6Vv378', 1),
(802, '_hZ0AmEx11R', 1),
(803, '_1SeX1VqFxQ', 1),
(804, '_tPaJfUk7a8', 1),
(805, '_hPiJ9Vn7oD', 1),
(806, '_mDdLvXx9uB', 1),
(807, '_bWtRcHuS63', 1),
(808, '_7U8RoOnP96', 1),
(809, '_8ZtN9Zb2wV', 1),
(810, '_yF0OhIpO41', 1),
(811, '_m90DbWk2yA', 1),
(812, '_n2yZ2Bc2jZ', 1),
(813, '_s06FhZk32M', 1),
(814, '_kFnJy0pJrT', 1),
(815, '_nUfG4ZdK2J', 1),
(816, '_fR3QaGyAl6', 1),
(817, '_rFe27RhF2E', 1),
(818, '_80lOaXgLtV', 1),
(819, '_qKoR35xR9K', 1),
(820, '_aH3898h2sV', 1),
(821, '_f7qN1Tw4x1', 1),
(822, '_mZtOnH0QzP', 1),
(823, '_wUdMmRzJeL', 1),
(824, '_zL0Y9Mq6lH', 1),
(825, '_jSe80BvTxC', 1),
(826, '_pI0Bb7hIhE', 1),
(827, '_vE4QkIrN1K', 1),
(828, '_dYlQcZw56F', 1),
(829, '_oXt43U4BkR', 1),
(830, '_6Hq0zQy2nY', 1),
(831, '_f4pS3Xy9aJ', 1),
(832, '_w80DqNoCyQ', 1),
(833, '_x166b1a10O', 1),
(834, '_qJxNnApByN', 1),
(835, '_1Bz6yY5YvI', 1),
(836, '_t5iLgMrNpL', 1),
(837, '_xD8JnU5AeH', 1),
(838, '_zK9SrQ48h1', 1),
(839, '_t539zXnDpQ', 1),
(840, '_lIrEoDwYvX', 1),
(841, '_71fNxT0Gv6', 1),
(842, '_8Q2T9CtSu2', 1),
(843, '_rQkJvM6TgA', 1),
(844, '_rAhF45rFvG', 1),
(845, '_hElOb2dPrM', 1),
(846, '_zDs9cUoC03', 1),
(847, '_s977074AkA', 1),
(848, '_4F3570zJ7I', 1),
(849, '_fQaY0JuQgL', 1),
(850, '_5Yg9iF52sM', 1),
(851, '_x30TrLdNcY', 1),
(852, '_cBy2kZyCr0', 1),
(853, '_4VbOdY42oW', 1),
(854, '_iY3M4BsJlS', 1),
(855, '_sA55uEg516', 1),
(856, '_iCiVx67Yw9', 1),
(857, '_sXi2bF05pB', 1),
(858, '_qIkDnRxGpY', 1),
(859, '_16jMa5uTfW', 1),
(860, '_f91497g78K', 1),
(861, '_1N2D4U30wA', 1),
(862, '_sFnX906JfU', 1),
(863, '_x9bEyMd6qB', 1),
(864, '_uF5D0NaOjG', 1),
(865, '_wQz5qFw7g4', 1),
(866, '_9YeXuGg92I', 1),
(867, '_vF1QxXhBbG', 1),
(868, '_0KaCz3lIhY', 1),
(869, '_uYxJcBuBhI', 1),
(870, '_fGvExZdZjY', 1),
(871, '_7MyO779G1N', 1),
(872, '_48eTaG6JcG', 1),
(873, '_i1pXzFo77G', 1),
(874, '_p1oWpU1HxU', 1),
(875, '_7Qv6qLuObP', 1),
(876, '_mXwL7G9E0D', 1),
(877, '_mFdMkYxJx1', 1),
(878, '_tJ4Hx1jSkR', 1),
(879, '_eJpBlRvQxQ', 1),
(880, '_iHkDtD5Tf1', 1),
(881, '_uPq2nVk3tO', 1),
(882, '_bVbZdA9L0Q', 1),
(883, '_847X2PnZw4', 1),
(884, '_fRnCvJ8D46', 1),
(885, '_bTpCs6yOwB', 1),
(886, '_lI48yXzSdM', 1),
(887, '_vH6Z04eI72', 1),
(888, '_n1jXe5i8cY', 1),
(889, '_yZq7mBvZ25', 1),
(890, '_6IyLuW5Dc7', 1),
(891, '_8L27v7qT63', 1),
(892, '_5VpM6LaKwN', 1),
(893, '_s2b8yE8BmE', 1),
(894, '_zTiWhRbGdP', 1),
(895, '_uOlTp68QxS', 1),
(896, '_j9p3yD1Wp3', 1),
(897, '_kU7AvSp82H', 1),
(898, '_y7z22PqL21', 1),
(899, '_6KtSuMxPzE', 1),
(900, '_jF5Qg0dQ7M', 1),
(901, '_uPu05Zh4k8', 1),
(902, '_71aQqNbVlZ', 1),
(903, '_yLnOe4cO8V', 1),
(904, '_zQc0j1lAe7', 1),
(905, '_q78BjU3CuQ', 1),
(906, '_eF5QoMxDnH', 1),
(907, '_kMbT6L8FwD', 1),
(908, '_fHgEfMoDo0', 1),
(909, '_9PdXw7tBwU', 1),
(910, '_oXx9eDd65K', 1),
(911, '_bU3BxKoNiB', 1),
(912, '_9G6NsKv42A', 1),
(913, '_x26Ju4l29L', 1),
(914, '_gPh2p4aXaJ', 1),
(915, '_vDcX3Q0Y81', 1),
(916, '_hXeB74nTs6', 1),
(917, '_gJ26yH3825', 1),
(918, '_h2eAy4oQjY', 1),
(919, '_l1zCcB4JjO', 1),
(920, '_nIwUl2dDyE', 1),
(921, '_7Bj3mNzU5A', 1),
(922, '_kRjPyPrCuJ', 1),
(923, '_9Ef4o2r2tZ', 1),
(924, '_lLv8qIxOrN', 1),
(925, '_0GkNp95L36', 1),
(926, '_bGl4dGmMa1', 1),
(927, '_m1cG5GgP7W', 1),
(928, '_tHs089sA5V', 1),
(929, '_xO6I6KfR50', 1),
(930, '_gT75c6hO5X', 1),
(931, '_i2uZs8eC8L', 1),
(932, '_20k2pAzCiC', 1),
(933, '_2JiAl1mRuC', 1),
(934, '_qB67x0dOuL', 1),
(935, '_05r5j2h26J', 1),
(936, '_a71XyF6B7W', 1),
(937, '_5425b3r6wE', 1),
(938, '_3VkSbRxG1G', 1),
(939, '_8QaIvIzSk2', 1),
(940, '_tPhPxKg9uK', 1),
(941, '_u8e6w6t3l4', 1),
(942, '_dLtJ9J63zS', 1),
(943, '_eCa8a4w68T', 1),
(944, '_sCcYlOi5hU', 1),
(945, '_c9sC1RjZmA', 1),
(946, '_p53C1R79s5', 1),
(947, '_eIhR4B75iW', 1),
(948, '_6Wg9mFqG52', 1),
(949, '_z7f8p5yQg5', 1),
(950, '_cU3LoWaV7U', 1),
(951, '_sSjG86a8cI', 1),
(952, '_nDoYwSx7j1', 1),
(953, '_mRxFpZwM8O', 1),
(954, '_hCh49W5WqX', 1),
(955, '_44tWbG45n6', 1),
(956, '_iKqV8BfS0W', 1),
(957, '_qPkD2X8AbP', 1),
(958, '_9Yv79I16yN', 1),
(959, '_6Cg6jUhSwM', 1),
(960, '_47bW7GmVdQ', 1),
(961, '_88hTsTkRrG', 1),
(962, '_fFn54RtHeA', 1),
(963, '_h0bCj9aOl4', 1),
(964, '_cBhHaWlXpR', 1),
(965, '_r6iV3Om8qU', 1),
(966, '_nXs2i8cNlN', 1),
(967, '_z0oFoSwEgV', 1),
(968, '_uEw8c9qDgY', 1),
(969, '_5ZhJn0cR0Y', 1),
(970, '_gG9Rj1645M', 1),
(971, '_5VmH6Z321V', 1),
(972, '_a1pI9Qw761', 1),
(973, '_zBlH6EeSj8', 1),
(974, '_78aQpYv1l2', 1),
(975, '_u5dHlZ7Z93', 1),
(976, '_7A6XnU91oR', 1),
(977, '_fMvNoBkZfX', 1),
(978, '_9M5RrY84uA', 1),
(979, '_cUvYj52KiX', 1),
(980, '_29qMj19AjT', 1),
(981, '_yN0DdSf55B', 1),
(982, '_n7yHsOrK35', 1),
(983, '_tPy14O0PmF', 1),
(984, '_bCkDa2p013', 1),
(985, '_qEnX1E3SzN', 1),
(986, '_1WpQuDnSnV', 1),
(987, '_jNzSq6wYxC', 1),
(988, '_v9dVyA0Ey2', 1),
(989, '_9IvIwLeAkS', 1),
(990, '_iOx68YjMnT', 1),
(991, '_cBlKkFoKlQ', 1),
(992, '_o147aN2I2T', 1),
(993, '_409K6C13fD', 1),
(994, '_nCfIjWuDd2', 1),
(995, '_uA22eXk6gU', 1),
(996, '_pKjH8ThB9W', 1),
(997, '_3EtDlMt2k9', 1),
(998, '_uTcJxCe0q1', 1),
(999, '_l5h6tFrC1P', 1),
(1000, '_dU4BjPwF1V', 1),
(1001, '_k45P7OiDj3', 1),
(1002, '_lA76x12JuW', 1),
(1003, '_zCf3lIaQ5Z', 1),
(1004, '_810Fz7nYe0', 1),
(1005, '_613KeRtRv7', 1),
(1006, '_4XlShWdAwV', 1),
(1007, '_wY3YfErF4R', 1),
(1008, '_0IaCn5911V', 1),
(1009, '_gQf3kHzWcI', 1),
(1010, '_nGxMuTnAfP', 1),
(1011, '_u143yJv1t5', 1),
(1012, '_r6wKmRiWcQ', 1),
(1013, '_fJe7nHpYr1', 1),
(1014, '_hGf230jU14', 1),
(1015, '_kZhAe392eC', 1),
(1016, '_4WqKjXsKg2', 1),
(1017, '_w6jDkIzMq4', 1),
(1018, '_8PeU743Ql0', 1),
(1019, '_lQj1a15MjL', 1),
(1020, '_jI6R4IoRhW', 1),
(1021, '_fHo6521B8M', 1),
(1022, '_fGdIhSsIuM', 1),
(1023, '_lUoK87e30N', 1),
(1024, '_3S57eErZwT', 1),
(1025, '_sO59pX0OgT', 1),
(1026, '_j609dN8U28', 1),
(1027, '_5FbXkBlYbX', 1),
(1028, '_5U6Rd3i0jV', 1),
(1029, '_rZxBhDp9o9', 1),
(1030, '_5ZfJ9FhLgR', 1),
(1031, '_49q8qTxAz5', 1),
(1032, '_fPjD0QjW27', 1),
(1033, '_fMjMcWzAbX', 1),
(1034, '_5MiUoVu14F', 1),
(1035, '_dIrVbDtS78', 1),
(1036, '_bV4Iv2uG1X', 1),
(1037, '_bNpE11wPhR', 1),
(1038, '_fXrRwUyX6U', 1),
(1039, '_4RkCaBdZ48', 1),
(1040, '_q1bRcB54hG', 1),
(1041, '_yHrHmAjIjU', 1),
(1042, '_1052eMwM49', 1),
(1043, '_6LvXfSy31X', 1),
(1044, '_8C76yF66zJ', 1),
(1045, '_iD95cRk1zS', 1),
(1046, '_r7rE7CgW5I', 1),
(1047, '_cReLf9rVb5', 1),
(1048, '_fQ1UuGgDuS', 1),
(1049, '_k08Td4nGyV', 1),
(1050, '_r6eR3Oc2cL', 1),
(1051, '_rLkTh9wR9I', 1),
(1052, '_lSkNc2i3e1', 1),
(1053, '_sZkM0Xo1g9', 1),
(1054, '_lK85qFkLt7', 1),
(1055, '_iEzUj2lXjE', 1),
(1056, '_xE74wReTzS', 1),
(1057, '_wN29iG1HsB', 1),
(1058, '_wUcFcWx11S', 1),
(1059, '_aEp0hW44uX', 1),
(1060, '_uV5NhCcCuY', 1),
(1061, '_a6sPvMlK6T', 1),
(1062, '_ySxA81kAnH', 1),
(1063, '_vX5B027W5W', 1),
(1064, '_51hLdAxZuH', 1),
(1065, '_o665sUh8rZ', 1),
(1066, '_yQiTuT2CzP', 1),
(1067, '_cQ9DgP671C', 1),
(1068, '_64wH7EaK3V', 1),
(1069, '_5Yw0hR8Y7O', 1),
(1070, '_bUi1dRoRiX', 1),
(1071, '_iPmIwFcGqY', 1),
(1072, '_t834dPh14G', 1),
(1073, '_dCfX0SjGyH', 1),
(1074, '_135F8PfItJ', 1),
(1075, '_9J0Hd9tCvX', 1),
(1076, '_fQySu60AcT', 1),
(1077, '_333H5Tn2eI', 1),
(1078, '_fS2Xc0qKqH', 1),
(1079, '_bPgY2Zy7d1', 1),
(1080, '_2Lp5wD482P', 1),
(1081, '_zCdZ934GdA', 1),
(1082, '_5A6PdDpNy8', 1),
(1083, '_pKfGbAhBbK', 1),
(1084, '_q9yN00bZaZ', 1),
(1085, '_0Rc1yE83yL', 1),
(1086, '_eSgHxAnJyM', 1),
(1087, '_jSp1h22T7E', 1),
(1088, '_n52TzPcJlL', 1),
(1089, '_n3rJf67F6G', 1),
(1090, '_rXxE4DgF25', 1),
(1091, '_xVz35Ji7kT', 1),
(1092, '_80s6rYpHmG', 1),
(1093, '_2417oA9FlY', 1),
(1094, '_oLcK9167z0', 1),
(1095, '_o5k39UwQkR', 1),
(1096, '_oClKyHr08V', 1),
(1097, '_bBkJbUm4oP', 1),
(1098, '_z9lT3OcBpE', 1),
(1099, '_g7vBd3wLtG', 1),
(1100, '_oA8VvGgNaA', 1),
(1101, '_5SbFyDxFnN', 1),
(1102, '_rTsHeOdAd2', 1),
(1103, '_jFt7qJnSdP', 1),
(1104, '_wQyWsK74e0', 1),
(1105, '_fPt4x6706Y', 1),
(1106, '_cBj5681O7E', 1),
(1107, '_eIrKlWaXcM', 1),
(1108, '_xX3G1XxIbR', 1),
(1109, '_m1rFa68XxZ', 1),
(1110, '_85tA4Cu8sN', 1),
(1111, '_t29TnE97yC', 1),
(1112, '_2Kr9nNn4q4', 1),
(1113, '_zZ75eR7Fx0', 1),
(1114, '_cScN70hKgU', 1),
(1115, '_j94QwTzWaB', 1),
(1116, '_sSwYnJ1KpR', 1),
(1117, '_092CuQxQ73', 1),
(1118, '_n37128b7bF', 1),
(1119, '_5NyByUh0o7', 1),
(1120, '_k7bXeW2TfV', 1),
(1121, '_l0vMjSuC6H', 1),
(1122, '_5KmTxTkKl3', 1),
(1123, '_lOj2z8mTvQ', 1),
(1124, '_9CfMaYsJzQ', 1),
(1125, '_iFuXqTo7oZ', 1),
(1126, '_yC8989vZdP', 1),
(1127, '_nCh8vXsPwB', 1),
(1128, '_tO7HqE79yB', 1),
(1129, '_1Mm3w196yD', 1),
(1130, '_hBjXgJl8lA', 1),
(1131, '_uUqBb68Sy8', 1),
(1132, '_t2wFlByRj1', 1),
(1133, '_zD8SyB7X20', 1),
(1134, '_bYnAnWkYuD', 1),
(1135, '_t5r58ZmEaL', 1),
(1136, '_bCpOu1g71C', 1),
(1137, '_h0oNtWnGs9', 1),
(1138, '_0Qu8kFpEr6', 1),
(1139, '_h7r7u1uD58', 1),
(1140, '_2M1KmSgBm3', 1),
(1141, '_qW77zXnV4I', 1),
(1142, '_xHqVgJnDn8', 1),
(1143, '_hE6R0N7VuS', 1),
(1144, '_08sBi5w54P', 1),
(1145, '_wIvJmKvAeC', 1),
(1146, '_x01LlQuVeT', 1),
(1147, '_fL9EkTsZcF', 1),
(1148, '_647Q5I99pL', 1),
(1149, '_88kRaOk5jF', 1),
(1150, '_92vYmCyXjF', 1),
(1151, '_u8lOlOjHvK', 1),
(1152, '_mJuFjKfWgQ', 1),
(1153, '_rIbNc5011M', 1),
(1154, '_f5h8zFxDnD', 1),
(1155, '_iD0B6UfLnZ', 1),
(1156, '_kDe2wWj0g2', 1),
(1157, '_9WqN2F5XkH', 1),
(1158, '_i9vGw7382A', 1),
(1159, '_oSpTcL7Q52', 1),
(1160, '_b47LmMkCqW', 1),
(1161, '_3TiWcSu05Q', 1),
(1162, '_kFr5jCmWbD', 1),
(1163, '_1Q79dVuS5W', 1),
(1164, '_uFcUj6a28J', 1),
(1165, '_v2dJ1Xh8iA', 1),
(1166, '_oTm7gWq67F', 1),
(1167, '_oDiEjBqR7Q', 1),
(1168, '_eTmS6Lu4wW', 1),
(1169, '_92zA2PzAwT', 1),
(1170, '_a2kElCw4a6', 1),
(1171, '_5SsRcGx6yR', 1),
(1172, '_wLdPbV2IeO', 1),
(1173, '_2Qi5s5rO2U', 1),
(1174, '_23eLtRc9aB', 1),
(1175, '_35t89L7MfS', 1),
(1176, '_uBfMbFs25V', 1),
(1177, '_e8hJo88SwE', 1),
(1178, '_7Nm2fG1IhJ', 1),
(1179, '_5V56eZ2DpK', 1),
(1180, '_p12GeWvObJ', 1),
(1181, '_4I0FtP7Nh4', 1),
(1182, '_6Hq6p2gVj6', 1),
(1183, '_3WlJh8iLaP', 1),
(1184, '_rVdHk2x16H', 1),
(1185, '_r2uUkA0MbV', 1),
(1186, '_9PzTo3nH93', 1),
(1187, '_wHzDoZdCtF', 1),
(1188, '_4Hr2fSr4mX', 1),
(1189, '_yR2Cd8bVvL', 1),
(1190, '_zVaDe3t796', 1),
(1191, '_r6tX6NnRyH', 1),
(1192, '_2GxGeGqCoK', 1),
(1193, '_v224bNvF26', 1),
(1194, '_lO3Dj4xHm9', 1),
(1195, '_5Xf63JtPaS', 1),
(1196, '_39dUvC08bI', 1),
(1197, '_9608xQnK3U', 1),
(1198, '_xSqSvMuApU', 1),
(1199, '_k4uT0PxWeJ', 1),
(1200, '_iCmR5B0NgR', 1),
(1201, '_57dTvE69vR', 1),
(1202, '_2L0WjHeMm2', 1),
(1203, '_sMj00QiPhY', 1),
(1204, '_66mVtHmCn1', 1),
(1205, '_rXjFi7c0j1', 1),
(1206, '_sGjH8KsW6U', 1),
(1207, '_2X0JpHyFlM', 1),
(1208, '_5PlJ91sDfO', 1),
(1209, '_rW3O0YrKeS', 1),
(1210, '_tK9JbZqI3Z', 1),
(1211, '_bUcNkArMt1', 1),
(1212, '_2U169F7Z2L', 1),
(1213, '_u2fOgIdKpK', 1),
(1214, '_cOxLqJlE53', 1),
(1215, '_56hYgP24bG', 1),
(1216, '_nKrDc1vJ33', 1),
(1217, '_yNhXsHaJpJ', 1),
(1218, '_tL8XjHiInR', 1),
(1219, '_y40DvP4Vk4', 1),
(1220, '_wH5EqTtKhZ', 1),
(1221, '_iWkUrX8Tw1', 1),
(1222, '_f651dHhLy5', 1),
(1223, '_nAc4yAsPxN', 1),
(1224, '_06jJxX4GrZ', 1),
(1225, '_mVyRzAtOyE', 1),
(1226, '_pBj36DxLvG', 1),
(1227, '_oL9ItAcNmS', 1),
(1228, '_wXyGzDnM4H', 1),
(1229, '_1Nv1y6vQyB', 1),
(1230, '_tS4IeY9Is3', 1),
(1231, '_uQl0rO17uX', 1),
(1232, '_2O506BjVoX', 1),
(1233, '_wJs2uWxFhM', 1),
(1234, '_l8wKl7gLdI', 1),
(1235, '_c6jI031IkT', 1),
(1236, '_lPjYxXpBe7', 1),
(1237, '_7QkR05iDrV', 1),
(1238, '_kDaJmKkM7B', 1),
(1239, '_5T0RpHgHtK', 1),
(1240, '_nB1LdV48pC', 1),
(1241, '_wT51cIpDrZ', 1),
(1242, '_iSnBp00Jl7', 1),
(1243, '_7YoNp6sJ2U', 1),
(1244, '_fPwJnPgAaI', 1),
(1245, '_i5mPeRkRn5', 1),
(1246, '_pWvEu0rP1J', 1),
(1247, '_a59A5ZgS4U', 1),
(1248, '_jRu2aZ3G0P', 1),
(1249, '_b62Jx5rRvQ', 1),
(1250, '_vC79pY77tB', 1),
(1251, '_lQzNa5v3eZ', 1),
(1252, '_g5uIz0f4cR', 1),
(1253, '_cC3JdGkNc6', 1),
(1254, '_81jDxQuU39', 1),
(1255, '_a5yM8JoUpD', 1),
(1256, '_lCdY9OoQg6', 1),
(1257, '_kZxUqDtToV', 1),
(1258, '_1Vn80PbX37', 1),
(1259, '_oZ8T4UwMu6', 1),
(1260, '_dU33g8j65F', 1),
(1261, '_4NbVp1j1dP', 1),
(1262, '_zSg702iE7X', 1),
(1263, '_x3rDsGaWhB', 1),
(1264, '_x4f4xT3SdD', 1),
(1265, '_i3oGvL393M', 1),
(1266, '_uKe91V2AuU', 1),
(1267, '_2OaW7Av40R', 1),
(1268, '_j2s615qLdD', 1),
(1269, '_jKm3fSiDmK', 1),
(1270, '_yYeFfI0X5T', 1),
(1271, '_kRk9zFbTh4', 1),
(1272, '_cM46k8jQ8N', 1),
(1273, '_07d8aOz265', 1),
(1274, '_p1667K12p0', 1),
(1275, '_sPqW7CbBjM', 1),
(1276, '_mIq2iQ9MkV', 1),
(1277, '_uTsJxO80a0', 1),
(1278, '_79oVsBoXx7', 1),
(1279, '_s76S2Cy0g0', 1),
(1280, '_cRsRjKz9tH', 1),
(1281, '_10kR7L9P1C', 1),
(1282, '_qPbEk5mAmJ', 1),
(1283, '_oJkR08jSp2', 1),
(1284, '_5Te0mUmGcO', 1),
(1285, '_kQl1gIgX5O', 1),
(1286, '_00o888wD6O', 1),
(1287, '_hGwMm45ElJ', 1),
(1288, '_2TgP4W8C1G', 1),
(1289, '_pFyRiPbJw1', 1),
(1290, '_uTfRrZfE5G', 1),
(1291, '_e9uL8Y6HzD', 1),
(1292, '_8X1PoPs71C', 1),
(1293, '_9Ud62Qs2lY', 1),
(1294, '_iKnP70u2c5', 1),
(1295, '_1FfBh42Jj0', 1),
(1296, '_pXwMiGhPoL', 1),
(1297, '_oEcOiNtMgY', 1),
(1298, '_q0cOyJaLz9', 1),
(1299, '_4DpHzUfRvK', 1),
(1300, '_cZ0Q1FzUx9', 1),
(1301, '_kZzO701QfP', 1),
(1302, '_g6b2qDrRo6', 1),
(1303, '_zQvLa6cG3I', 1),
(1304, '_d5aO6Xu78Z', 1),
(1305, '_zTyNpDvM9M', 1),
(1306, '_tHc3iLg1w0', 1),
(1307, '_bPiNwTcKxM', 1),
(1308, '_u7s6rVjZ2O', 1),
(1309, '_dBw5rTwUw6', 1),
(1310, '_4ErJvE28eQ', 1),
(1311, '_bO3EyB52eM', 1),
(1312, '_zJvP14tHx3', 1),
(1313, '_tMvGpYnHo3', 1),
(1314, '_pDzL9RuL9Q', 1),
(1315, '_rXwLaLk7pL', 1),
(1316, '_wU02x80QvU', 1),
(1317, '_sC05hViRe2', 1),
(1318, '_p2u8rBqSvA', 1),
(1319, '_zR6OiApV1X', 1),
(1320, '_k2tFtXdBsK', 1),
(1321, '_wN7EmYrS1C', 1),
(1322, '_5QeOe5gPq4', 1),
(1323, '_lAeMkSqEvE', 1),
(1324, '_zPlPxTbPz0', 1),
(1325, '_886P2KaDyN', 1),
(1326, '_qKhTh53Z5Q', 1),
(1327, '_wUyP09f5hF', 1),
(1328, '_2Ns6iGaTs9', 1),
(1329, '_r1vMhIvYy3', 1),
(1330, '_mZlFwIlRxK', 1),
(1331, '_o24FxKqFoM', 1),
(1332, '_2DbDnMzSnH', 1),
(1333, '_1ZgRbYpDv5', 1),
(1334, '_xFgW1JhZyI', 1),
(1335, '_k57186wReI', 1),
(1336, '_2GuDo1cM6R', 1),
(1337, '_rAdL3DvGfG', 1),
(1338, '_xJc14QvCb6', 1),
(1339, '_z363iEjD38', 1),
(1340, '_o3lNgFfUb8', 1),
(1341, '_67sW2Hw5nO', 1),
(1342, '_lEjLkL2V6I', 1),
(1343, '_oHkJ12tV79', 1),
(1344, '_s1vGhL34e5', 1),
(1345, '_tRlP1BoZ8B', 1),
(1346, '_lG85uNvI4U', 1),
(1347, '_5Tz2zTt6sQ', 1),
(1348, '_sGhK27wKz4', 1),
(1349, '_3N6Li9gPuU', 1),
(1350, '_6H7Bv1f1v8', 1),
(1351, '_l4c7pIk59R', 1),
(1352, '_46gQlEaMs0', 1),
(1353, '_wQe3lV3HxC', 1),
(1354, '_0Tm5sLxErX', 1),
(1355, '_pXp9qWi8fJ', 1),
(1356, '_q86Gx4eE67', 1),
(1357, '_kT236TgJuV', 1),
(1358, '_uL37oQ6918', 1),
(1359, '_bM1Sx24Sv8', 1),
(1360, '_j245w6e92S', 1),
(1361, '_oKrZtVfV6N', 1),
(1362, '_qHp6jLrI5O', 1),
(1363, '_93oNc7f9vN', 1),
(1364, '_cV740BfQpA', 1),
(1365, '_tU8I6Z9P34', 1),
(1366, '_h4rV0TcQ8D', 1),
(1367, '_pNmOsDmOm0', 1),
(1368, '_yXd8eXsAnS', 1),
(1369, '_3Us5b2g1tD', 1),
(1370, '_sDy3o82GyV', 1),
(1371, '_6N6J5O4Qw9', 1),
(1372, '_jIp75T3BlV', 1),
(1373, '_tJ7V6BeOsF', 1),
(1374, '_aQtW1XhQiI', 1),
(1375, '_6HjNsJo3mF', 1),
(1376, '_nPvW721B86', 1),
(1377, '_tRqHn2aRsU', 1),
(1378, '_qAfW88mFw9', 1),
(1379, '_hRlInS47tL', 1),
(1380, '_nCtVlTfZyM', 1),
(1381, '_2Qo9c05HpO', 1),
(1382, '_e7jSdF4ZhC', 1),
(1383, '_1S7UsUvMdC', 1),
(1384, '_tWaB7A2SnS', 1),
(1385, '_lRvLvVh8h1', 1),
(1386, '_h57Op6fS6D', 1),
(1387, '_5S7NmTm0eU', 1),
(1388, '_1P4Z87a48T', 1),
(1389, '_d0gT9JbEgK', 1),
(1390, '_5Q5DsVvG0W', 1),
(1391, '_qE4OsHeRnX', 1),
(1392, '_tXgS3I1AoI', 1),
(1393, '_bZaSjGcFzZ', 1),
(1394, '_0G0BgC9Y3L', 1),
(1395, '_0W8YtZh7kZ', 1),
(1396, '_uYzTu6pC19', 1),
(1397, '_c9fMcZpR8A', 1),
(1398, '_fC4Eo3hVxQ', 1),
(1399, '_vInSvMn9b1', 1),
(1400, '_u31T1CrQ2J', 1),
(1401, '_42xPaL46gL', 1),
(1402, '_3TrJb083wN', 1),
(1403, '_yDcBq7f8cO', 1),
(1404, '_vVk9xC9Ri6', 1),
(1405, '_9RxPxCxP43', 1),
(1406, '_9B4AzRk3v8', 1),
(1407, '_iZ7JaWxKfL', 1),
(1408, '_n61T3Ic1aY', 1),
(1409, '_n56FfEdKl8', 1),
(1410, '_bFbTlN03dS', 1),
(1411, '_vAbXzR767Y', 1),
(1412, '_6OgXyTiEmV', 1),
(1413, '_8IsMrGjQ6X', 1),
(1414, '_20e2pV293T', 1),
(1415, '_j3w7v8y2qV', 1),
(1416, '_d3vY83vZ3Y', 1),
(1417, '_pNbO56sXsK', 1),
(1418, '_a7i3gTb131', 1),
(1419, '_xRjRgL1LvQ', 1),
(1420, '_4R5Jp1zZx7', 1),
(1421, '_06e5bKrJdG', 1),
(1422, '_e3cBu98277', 1),
(1423, '_qYiEh0jZf9', 1),
(1424, '_iM79kDxD2Q', 1),
(1425, '_m4t4tA0EnA', 1),
(1426, '_mOgNjVkY3M', 1),
(1427, '_eMrGx1yDbX', 1),
(1428, '_jL1Dm0632V', 1),
(1429, '_i0bHzA17pY', 1),
(1430, '_wJ738Fa3qA', 1),
(1431, '_lKp9qQpS2E', 1),
(1432, '_sSy19G9Vt9', 1),
(1433, '_cO7Id0sNuO', 1),
(1434, '_t7aWeTjL9P', 1),
(1435, '_xB6P9IpTa6', 1),
(1436, '_2SwEpU1W4S', 1),
(1437, '_t1rIvT0Dd7', 1),
(1438, '_57030WpOp2', 1),
(1439, '_uKqQjL1XuH', 1),
(1440, '_hTjHwBaF6X', 1),
(1441, '_3Ff144kW5C', 1),
(1442, '_oL5NiGeZhM', 1),
(1443, '_cDk0lUqBpD', 1),
(1444, '_wB5Ft8kHbR', 1),
(1445, '_tJnIoWxW8L', 1),
(1446, '_qOnTm62F7S', 1),
(1447, '_wSl2aDeKqT', 1),
(1448, '_eM2Vk2qU32', 1),
(1449, '_f5k3k7567J', 1),
(1450, '_sMqZc23ZbI', 1),
(1451, '_gBg6mNf3tE', 1),
(1452, '_yEtS7O9OuE', 1),
(1453, '_tKp5m96F6J', 1),
(1454, '_eKu70K9GoE', 1),
(1455, '_tV5Ze8gQyE', 1),
(1456, '_6OqM2Ko565', 1),
(1457, '_eYe1iEhUvZ', 1),
(1458, '_8F9CpUsK4U', 1),
(1459, '_pVpO74y2m8', 1),
(1460, '_aMv5pOpBiL', 1),
(1461, '_vHwSdHpE1S', 1),
(1462, '_rE1I1SqEtV', 1),
(1463, '_31r7k9a7yT', 1),
(1464, '_tA1Yr7sPl0', 1),
(1465, '_f9u55T8SwN', 1),
(1466, '_72lUpV32sJ', 1),
(1467, '_yGdZ0EmJrN', 1),
(1468, '_6G3AsR6Rp4', 1),
(1469, '_jVm4w6qOgR', 1),
(1470, '_0LaN81mE6B', 1),
(1471, '_d3kX0WeGsL', 1),
(1472, '_i2sQjC1CrY', 1),
(1473, '_6Fr3pTbGbK', 1),
(1474, '_yDyBl5tT2Q', 1),
(1475, '_d4271JnWj0', 1),
(1476, '_p6kQxD587Z', 1),
(1477, '_pUjWi75YmC', 1),
(1478, '_0Sc76B5WaY', 1),
(1479, '_bZ822Uh0lD', 1),
(1480, '_6Ec0k7qV6B', 1),
(1481, '_pCa0iUvEzP', 1),
(1482, '_cL7GyFlUi1', 1),
(1483, '_gYdLyKy8wL', 1),
(1484, '_qI3Ag369vZ', 1),
(1485, '_5Ec9x981n3', 1),
(1486, '_cJ47oFaRd3', 1),
(1487, '_dLrT8AcV06', 1),
(1488, '_xXfGiJ9RpD', 1),
(1489, '_a31PnY3B9X', 1),
(1490, '_uL56lJ8M6D', 1),
(1491, '_zYa9yEyJeO', 1),
(1492, '_kPyN44aM8Z', 1),
(1493, '_oM7Q70f568', 1),
(1494, '_b1942QoMcU', 1),
(1495, '_7I1WmE35j9', 1),
(1496, '_j1wIwMw43F', 1),
(1497, '_h19Fj9aX4Q', 1),
(1498, '_4KlNwZtT4M', 1),
(1499, '_4Lj9y0wEiH', 1),
(1500, '_x38U3Fd929', 1),
(1501, '_yP5920fE4S', 1),
(1502, '_u3lXdKsFaU', 1),
(1503, '_aNuS6Q4QcV', 1),
(1504, '_sMz4k35YzZ', 1),
(1505, '_6Bc21UqX7S', 1),
(1506, '_mB00u7v301', 1),
(1507, '_30lEpYmCuN', 1),
(1508, '_cGzW9Nz8nR', 1),
(1509, '_8Wy85RcJmX', 1),
(1510, '_lGvF4IgX0R', 1),
(1511, '_yO9E8IuBzV', 1),
(1512, '_fC81hZaV9R', 1),
(1513, '_d0a4u1nG6E', 1),
(1514, '_2F0CwOdHl7', 1),
(1515, '_7878t921qK', 1),
(1516, '_x5kGs196w8', 1),
(1517, '_93hXiL86bX', 1),
(1518, '_zVy08A4Fr6', 1),
(1519, '_7V23m3oQrA', 1),
(1520, '_a4cIbVj1hG', 1),
(1521, '_99fVgZu6rW', 1),
(1522, '_j3bQxYpDuJ', 1),
(1523, '_yBpI3NsAuH', 1),
(1524, '_kZl51O57sW', 1),
(1525, '_oOlEi2i8tT', 1),
(1526, '_o6c8qK9IxK', 1),
(1527, '_dB3R9KpOiW', 1),
(1528, '_q2jJaPnE2W', 1),
(1529, '_e69Qk11Ev8', 1),
(1530, '_0SmUg4l96G', 1),
(1531, '_35u2dJz3rP', 1),
(1532, '_jQaLhQw3pR', 1),
(1533, '_eVvReXgU2F', 1),
(1534, '_lXoRcVq5tU', 1),
(1535, '_kR2PcMbS3Q', 1),
(1536, '_oGi131gX3A', 1),
(1537, '_kUcKz4sKf3', 1),
(1538, '_iWnKs2uT36', 1),
(1539, '_yMs826s92C', 1),
(1540, '_48p4wEoZ83', 1),
(1541, '_4KnO1Zz6n1', 1),
(1542, '_jFnPqDw14R', 1),
(1543, '_zG70e81RfW', 1),
(1544, '_jHiHkI6P9V', 1),
(1545, '_uI646GuNk5', 1),
(1546, '_aBc5xF58dV', 1),
(1547, '_5Ws7c08AnR', 1),
(1548, '_z8509D7R03', 1),
(1549, '_jNq9vUlM5N', 1),
(1550, '_kS504BcLfW', 1),
(1551, '_rNxLuAxKvP', 1),
(1552, '_y52ZeEq5bM', 1),
(1553, '_tQrT428Cm3', 1),
(1554, '_aUcZ5X2115', 1),
(1555, '_sO7Wh5g6oZ', 1),
(1556, '_iIsYeAm89Y', 1),
(1557, '_0TqXjRaLmP', 1),
(1558, '_8D9GoHv9d6', 1),
(1559, '_aVh0cIxS6X', 1),
(1560, '_kLd16YcH0K', 1),
(1561, '_087YgDr480', 1),
(1562, '_x85Ud9k9hL', 1),
(1563, '_5T9W18244S', 1),
(1564, '_sRi229y2m6', 1),
(1565, '_7OyLvHlT8B', 1),
(1566, '_o17OdBgBvK', 1),
(1567, '_xK4Yf1bA5X', 1),
(1568, '_dZh0xJoS4X', 1),
(1569, '_r4aLpJcU4S', 1),
(1570, '_2NcCfTxAnG', 1),
(1571, '_94uFmHbP24', 1),
(1572, '_uDgD1R21lK', 1),
(1573, '_wKlR0F99sQ', 1),
(1574, '_n3eCk95EmH', 1),
(1575, '_8K8WjIeLeH', 1),
(1576, '_vL0Xv7bElQ', 1),
(1577, '_x11GaEvC2Z', 1),
(1578, '_4ArUgS7Sf6', 1),
(1579, '_vGj7uSwS3T', 1),
(1580, '_cY0E2Zb0o0', 1),
(1581, '_q9pVeU91uJ', 1),
(1582, '_dVs9iHw9cL', 1),
(1583, '_3Ao9oMrH9M', 1),
(1584, '_40lKjF4A7V', 1),
(1585, '_hDoAw1sZrW', 1),
(1586, '_zJk8cYo1l8', 1),
(1587, '_i9uEqL2O0W', 1),
(1588, '_vEjB2Z8NbF', 1),
(1589, '_7KjI5WrT4O', 1),
(1590, '_99pOlFxEyF', 1),
(1591, '_6LyWd6eF0Z', 1),
(1592, '_oOsQr0h2vK', 1),
(1593, '_t2zP96s7yA', 1),
(1594, '_9OlGa9e2rG', 1),
(1595, '_dOd062iX3Y', 1),
(1596, '_qTs3zI2Na2', 1),
(1597, '_i42ZuGhZgV', 1),
(1598, '_xJ03t35DgR', 1),
(1599, '_nBzC1G41tY', 1),
(1600, '_dI7TsRmR92', 1),
(1601, '_23qOaH2MdY', 1),
(1602, '_7A7KiY6XiA', 1),
(1603, '_jDbG3S31dR', 1),
(1604, '_dEvE8Z2Ky3', 1),
(1605, '_i433oAz9iP', 1),
(1606, '_iU3N9KwZhC', 1),
(1607, '_vDk6s9hViR', 1),
(1608, '_lV03gG8S3D', 1),
(1609, '_eHbLm3xDw3', 1),
(1610, '_hL2RrWhWdR', 1),
(1611, '_nMxKrC12dF', 1),
(1612, '_3579xNr8pB', 1),
(1613, '_nQuHsKtP0F', 1),
(1614, '_iM74qOs5nU', 1),
(1615, '_fWu4p0f57K', 1),
(1616, '_mP8FxYs83T', 1),
(1617, '_xW7TdW5M2U', 1),
(1618, '_sTnU8ZnDf6', 1),
(1619, '_vB0K88o9eI', 1),
(1620, '_tLaTgK45pV', 1),
(1621, '_2Rl4d0uB8W', 1),
(1622, '_iT8CpEh785', 1),
(1623, '_dFqM3UfZmQ', 1),
(1624, '_oHxX6273aC', 1),
(1625, '_7IyCaIvHu9', 1),
(1626, '_276DxVeDc5', 1),
(1627, '_sBrJxHs7aW', 1),
(1628, '_0QtZr0z912', 1),
(1629, '_hRtZ58kT8V', 1),
(1630, '_aZ0C48gWw7', 1),
(1631, '_kT2E2Yf9q0', 1),
(1632, '_6Hg94N6840', 1),
(1633, '_x33OkMc21X', 1),
(1634, '_vBxVoKoS0L', 1),
(1635, '_mHd1bZsAgK', 1),
(1636, '_4V90fZhO7M', 1),
(1637, '_aT6A5IqMiH', 1),
(1638, '_hUv94H1GiR', 1),
(1639, '_cLjLyJdT8K', 1),
(1640, '_zDnAi43V7M', 1),
(1641, '_qKqF4L5XkG', 1),
(1642, '_tPkNf093gB', 1),
(1643, '_tWn05VsW82', 1),
(1644, '_6GzLoDiDnI', 1),
(1645, '_lLzJzUjIwN', 1),
(1646, '_gZxGyV7JkH', 1),
(1647, '_oCjAtWvSnH', 1),
(1648, '_45w9i3eJx5', 1),
(1649, '_2EeX5E8P33', 1),
(1650, '_fJmFfT7XnT', 1),
(1651, '_aVxTsCyQeQ', 1),
(1652, '_fWqZ0IkDn2', 1),
(1653, '_9KjHaWzMsC', 1),
(1654, '_kQ1EvOpGmI', 1),
(1655, '_i3l7g8yY6K', 1),
(1656, '_pLrIy98Et7', 1),
(1657, '_jZaBe304eA', 1),
(1658, '_1Z4Nf0kX55', 1),
(1659, '_rAmDjHwB9E', 1),
(1660, '_q124iZrZgK', 1),
(1661, '_cYwQ8ChHhN', 1),
(1662, '_8JhHiL5IyF', 1),
(1663, '_wVbBmGhDc1', 1),
(1664, '_c3nXdJkVhQ', 1),
(1665, '_lVh6gCo69A', 1),
(1666, '_wNbBuLuO5H', 1),
(1667, '_pCkOeQ8GnU', 1),
(1668, '_4F9Ru1lRz5', 1),
(1669, '_8S6QpIpToP', 1),
(1670, '_kCtAiLeXmL', 1),
(1671, '_a9tNlC9MyS', 1),
(1672, '_aO82iL27q9', 1),
(1673, '_10oPcSe0h6', 1),
(1674, '_vX7MtYbU9J', 1),
(1675, '_z3996EjH8N', 1),
(1676, '_0ObMzIsTyW', 1),
(1677, '_tLeR2Fs4yL', 1),
(1678, '_qWyU0BkIx5', 1),
(1679, '_z6uFcL216L', 1),
(1680, '_tNm3fH2SkD', 1),
(1681, '_wN4SeJo4gQ', 1),
(1682, '_rW9LkGkE2G', 1),
(1683, '_8SwF9IbZqB', 1),
(1684, '_02k0350D94', 1),
(1685, '_qJdJr3tQdJ', 1),
(1686, '_9NaBsGs2c1', 1),
(1687, '_874T38aUm0', 1),
(1688, '_7Fg74My6uJ', 1),
(1689, '_w69JzU1WiB', 1),
(1690, '_xZ8W8984tQ', 1),
(1691, '_13o9cHtYqV', 1),
(1692, '_uBt8dUn7g9', 1),
(1693, '_0OwPeXuCfD', 1),
(1694, '_21aZdU7S2V', 1),
(1695, '_aM14vT23pB', 1),
(1696, '_yZyXdBcRrV', 1),
(1697, '_6W6ImHz6yY', 1),
(1698, '_26z7g62BkV', 1),
(1699, '_rRdS8WdIt0', 1),
(1700, '_tMqNjD58b7', 1),
(1701, '_05yHj2oLy9', 1),
(1702, '_sKeM7I9MxZ', 1),
(1703, '_tPnMyW3S2B', 1),
(1704, '_jOt9nAcHbN', 1),
(1705, '_lNoZrU37xM', 1),
(1706, '_dF8Rd2oJoF', 1),
(1707, '_dAkMvJxFqH', 1),
(1708, '_5F2QsIkOsM', 1),
(1709, '_3SnWq8f0j7', 1),
(1710, '_pN2GwH4W3P', 1),
(1711, '_8SjJj1l6s0', 1),
(1712, '_sNgFaI5X00', 1),
(1713, '_3LsJaUu0fW', 1),
(1714, '_f1x1nL1NqR', 1),
(1715, '_7TwBsT7JkS', 1),
(1716, '_dJhBhTuYbT', 1),
(1717, '_6IePdCsZ80', 1),
(1718, '_uZoGoTsPlS', 1),
(1719, '_oQxK8Ny25K', 1),
(1720, '_x8439K29q7', 1),
(1721, '_eDfPyT9G90', 1),
(1722, '_v2m2oPcY6U', 1),
(1723, '_w4sV7Lo3bL', 1),
(1724, '_56f5yHt3dV', 1),
(1725, '_y8d1oH355I', 1),
(1726, '_rIaNzP8Xp1', 1),
(1727, '_9FsCnVlCpB', 1),
(1728, '_tYwZzR79fF', 1),
(1729, '_2ErBcXoW0X', 1),
(1730, '_pMjI5N7RcN', 1),
(1731, '_d5k267qCzB', 1),
(1732, '_jFkMv8wMkI', 1),
(1733, '_rXx2kSjS7S', 1),
(1734, '_cUxYn1fH72', 1),
(1735, '_8F2Vf5b3sA', 1),
(1736, '_r5bH4K2B06', 1),
(1737, '_5383e3lG7K', 1),
(1738, '_61xRx6oM5X', 1),
(1739, '_hJcPmXbDuG', 1),
(1740, '_iZtQ56rId6', 1),
(1741, '_i06L0Cx695', 1),
(1742, '_oU5UwGh7cI', 1),
(1743, '_mEa30HjD0H', 1),
(1744, '_gC2AtRn8lH', 1),
(1745, '_0UxEkKn9iK', 1),
(1746, '_sQaJ5C4G79', 1),
(1747, '_v2dKrIxUuA', 1),
(1748, '_nA93gU57k0', 1),
(1749, '_4QfX7PuU6E', 1),
(1750, '_2CxHiBrW8Y', 1),
(1751, '_gLuRy5095Q', 1),
(1752, '_4Ln03QeZd9', 1),
(1753, '_gAnLb8kDdM', 1),
(1754, '_3OkN061Oa2', 1),
(1755, '_kZ5L5J9S2A', 1),
(1756, '_a8iZ5886rB', 1),
(1757, '_kYfE6C4IvN', 1),
(1758, '_f4y9mAwD7M', 1),
(1759, '_4AiV1Vs2i6', 1),
(1760, '_tVmPnZaUtB', 1),
(1761, '_p9mRc8f67U', 1),
(1762, '_mFjH28c5h5', 1),
(1763, '_g746j0o8t5', 1),
(1764, '_5Ge730gU8P', 1),
(1765, '_fP6E2B41dV', 1),
(1766, '_t83RtNwS79', 1),
(1767, '_eDy1wTgGpT', 1),
(1768, '_nPbV103G9J', 1),
(1769, '_u557wVuDx0', 1),
(1770, '_dT4OxEyEnI', 1),
(1771, '_lBfO8TwW0F', 1),
(1772, '_278B90iN8R', 1),
(1773, '_uHzImHmG2N', 1),
(1774, '_xAaB7DcK1U', 1),
(1775, '_xM7CqTmDiZ', 1),
(1776, '_k1381WlTi7', 1),
(1777, '_kAm7fAyLpT', 1),
(1778, '_nYgBbJ78hF', 1),
(1779, '_cQoIpSk8mN', 1),
(1780, '_62rIrFjP37', 1),
(1781, '_3KnR5WxE4P', 1),
(1782, '_zZr16MbR5O', 1),
(1783, '_82y9qBkHdC', 1),
(1784, '_18485W1Qq5', 1),
(1785, '_h4dGkFcY23', 1),
(1786, '_1P6YmZgPkV', 1),
(1787, '_vIcI5JeI7K', 1),
(1788, '_hW62xAkXtR', 1),
(1789, '_nT5H91n9aU', 1),
(1790, '_0738sU4Mu6', 1),
(1791, '_6RmFyL2VjI', 1),
(1792, '_mW5KtLzBe5', 1),
(1793, '_kR0AuY0ZnA', 1),
(1794, '_iK0LkIkXaD', 1),
(1795, '_dN02fAk72V', 1),
(1796, '_w2yZ3RhWsH', 1),
(1797, '_tF64529EaO', 1),
(1798, '_xVvHi71HrE', 1),
(1799, '_b6xL7Y3G3Q', 1),
(1800, '_0S2DzRjZ5Y', 1),
(1801, '_kPw8o28U9S', 1),
(1802, '_2Ln1yZ4JyU', 1),
(1803, '_65vKu019lE', 1),
(1804, '_hLwOe5kE9M', 1),
(1805, '_iTqNcCcKvX', 1),
(1806, '_rToHp0t5h3', 1),
(1807, '_yLf8hBfZp4', 1),
(1808, '_6AvVtCf90F', 1),
(1809, '_jRf8jMtMf7', 1),
(1810, '_0L3TlZyUnJ', 1),
(1811, '_hA526RoL3X', 1),
(1812, '_oAhZiTvEsJ', 1),
(1813, '_cE7SpIiK7T', 1),
(1814, '_lWn26O1C38', 1),
(1815, '_g5hJeEyM43', 1),
(1816, '_zNuKo549s9', 1),
(1817, '_rJ0QxKsMbY', 1),
(1818, '_y5c8f5aViO', 1),
(1819, '_hS1UnXgCaQ', 1),
(1820, '_kQ3Ou41DwS', 1),
(1821, '_k8rZmVeA04', 1),
(1822, '_4YjIhMzSu9', 1),
(1823, '_6GtGw9h752', 1),
(1824, '_lXzLiNlQk6', 1),
(1825, '_oD6I7Uj8yO', 1),
(1826, '_iOoEeUi2tM', 1),
(1827, '_34gUzTkCsB', 1),
(1828, '_j6xZeN6Fl2', 1),
(1829, '_9Uz6vSqHiE', 1),
(1830, '_2Nu1q2aQ08', 1),
(1831, '_38d2iYnVfX', 1),
(1832, '_kBz5hDhOnU', 1),
(1833, '_dX9WoFpHxP', 1),
(1834, '_1R2DrHxRkB', 1),
(1835, '_4RjJzLmNtF', 1),
(1836, '_s78Fx3qMdU', 1),
(1837, '_8JoWs8p73K', 1),
(1838, '_hYpR0EpEv2', 1),
(1839, '_n7eXtGm0i1', 1),
(1840, '_3H1T0Gx1p7', 1),
(1841, '_5OeFaJlZk2', 1),
(1842, '_1P2I3TuHsU', 1),
(1843, '_7Lu7xD4Pg6', 1),
(1844, '_7Ya4jRx0iQ', 1),
(1845, '_n6i1nWnJlK', 1),
(1846, '_43oThKaS3F', 1),
(1847, '_99o6iOnApX', 1),
(1848, '_53nVa0ePrY', 1),
(1849, '_c9wL2Gk9u3', 1),
(1850, '_eZsUbU8D2E', 1),
(1851, '_iXdKoJ9BoC', 1),
(1852, '_u53Z3PfBvJ', 1),
(1853, '_cHbFpW2QdU', 1),
(1854, '_oYgA6F3XmR', 1),
(1855, '_qKuVhF4W5M', 1),
(1856, '_6GtNdNnZ50', 1),
(1857, '_xBw647o8vA', 1),
(1858, '_42qFdB03hV', 1),
(1859, '_wUpWc9z154', 1),
(1860, '_tYlRtUi6oS', 1),
(1861, '_8Pl7cD4J13', 1),
(1862, '_mGtAeNt930', 1),
(1863, '_227L2Kl2qW', 1),
(1864, '_jVmRzMjYcU', 1),
(1865, '_mUiXu4iA8C', 1),
(1866, '_iEuBu0qX7O', 1),
(1867, '_vUlY9ZbJcY', 1),
(1868, '_dHv6c5q8dZ', 1),
(1869, '_yI3WdNnEwU', 1),
(1870, '_k9w0i5e5i8', 1),
(1871, '_eOjCqW0QqH', 1),
(1872, '_pMh4dUqNd3', 1),
(1873, '_94g212j94Q', 1),
(1874, '_7Yl44N1S4I', 1),
(1875, '_nEeOlV52f5', 1),
(1876, '_mNlSiE6LyB', 1),
(1877, '_iQdKkHe3cS', 1),
(1878, '_9XmEp14FkT', 1),
(1879, '_aPjUnD8K1M', 1),
(1880, '_vCa2g240w6', 1),
(1881, '_fEdLtJrPqC', 1),
(1882, '_hR3VaSjBrE', 1),
(1883, '_pWhPlLqBoT', 1),
(1884, '_y0pY8LnFqP', 1),
(1885, '_sSo8hUx3fZ', 1),
(1886, '_04mFqRbA93', 1),
(1887, '_4D8MwTjDaV', 1),
(1888, '_bVnKzPzVbG', 1),
(1889, '_46tQxTwRd9', 1),
(1890, '_6YhDeDjSvC', 1),
(1891, '_g3pFv2wEiT', 1),
(1892, '_7ExIq9vYkI', 1),
(1893, '_mMgIj3z2fT', 1),
(1894, '_aWeDa37E4D', 1),
(1895, '_t1w1dNjOjB', 1),
(1896, '_7KrMjD82nN', 1),
(1897, '_pP9TaE1KwV', 1),
(1898, '_1O9C1UbGvK', 1),
(1899, '_xI12v3aNuO', 1),
(1900, '_yKwZg9hEnO', 1),
(1901, '_iJiL3RgVqV', 1),
(1902, '_kF08gBpNsF', 1),
(1903, '_5DnP2ImPt3', 1),
(1904, '_wSkHm58XkS', 1),
(1905, '_99uT877Ef0', 1),
(1906, '_oSxNlE0EwR', 1),
(1907, '_d0cK1Hz22S', 1),
(1908, '_z8aM8AmOnY', 1),
(1909, '_cI7JzPyV90', 1),
(1910, '_iY6Hu2gZmG', 1),
(1911, '_2CcRcOl5l9', 1),
(1912, '_tAtObM9SlB', 1),
(1913, '_fUpYhXnNbD', 1),
(1914, '_p03JaPsMxT', 1),
(1915, '_s7o8yWrQ9N', 1),
(1916, '_4Rg84PfO0D', 1),
(1917, '_uEt6lH5RsK', 1),
(1918, '_2Hc776sPq7', 1),
(1919, '_pFqPfKjUzW', 1),
(1920, '_o36TtAd4wH', 1),
(1921, '_dJu6yQ0S07', 1),
(1922, '_jK1Ir0vHg7', 1),
(1923, '_sRhLyZhD24', 1),
(1924, '_l845fQpXoT', 1),
(1925, '_l7xE7AhVuV', 1),
(1926, '_wM20k15AsZ', 1),
(1927, '_eGwUgQzNcV', 1),
(1928, '_nUwT31zT5T', 1),
(1929, '_4YrRa3x7xB', 1),
(1930, '_6Tp0yYx1bO', 1),
(1931, '_rN2D0Aq134', 1),
(1932, '_mEu0a99LqN', 1),
(1933, '_9O25aS5TjK', 1),
(1934, '_xLaS72xNo2', 1),
(1935, '_1PfRtAl7q3', 1),
(1936, '_u4sYqUdEy2', 1),
(1937, '_qGnJpWa7oD', 1),
(1938, '_lH6IrHnXi1', 1),
(1939, '_fPp8hGn803', 1),
(1940, '_8SsSbIfFf1', 1),
(1941, '_wK6L297YbB', 1),
(1942, '_iHuY1NaF1K', 1),
(1943, '_jA5H1254n6', 1),
(1944, '_9PmR87f1aX', 1),
(1945, '_5T3EaLsNw9', 1),
(1946, '_q6r3fAy0wV', 1),
(1947, '_gSkFp3pFyE', 1),
(1948, '_b14GjPcK78', 1),
(1949, '_rZ3Dx67RfJ', 1),
(1950, '_nC6VqQkUo8', 1),
(1951, '_l4oEfFhE0J', 1),
(1952, '_yN68q51HxH', 1),
(1953, '_y8uJhJ8G91', 1),
(1954, '_vEv0gS3AqI', 1),
(1955, '_fAeFaD5KzN', 1),
(1956, '_bW3E0L55vQ', 1),
(1957, '_4Q6JcUqO8H', 1),
(1958, '_uRoKrU7Ug1', 1),
(1959, '_s81RfC76f4', 1),
(1960, '_eHwN86nXpQ', 1),
(1961, '_yW4Y3GfVd5', 1),
(1962, '_7HfTkN4I65', 1),
(1963, '_vBmSyL05xF', 1),
(1964, '_8HsSo9lZl8', 1),
(1965, '_63i7iWmD40', 1),
(1966, '_rXu7dJbAd6', 1),
(1967, '_2OmC5SaJk8', 1),
(1968, '_x034aAp5iJ', 1),
(1969, '_93nK70t5tI', 1),
(1970, '_oWk737uTbH', 1),
(1971, '_sGrPuN3Ad8', 1),
(1972, '_lVeSmQh3y8', 1),
(1973, '_5M336CpMjJ', 1),
(1974, '_6Wz6wGtF9U', 1),
(1975, '_vW7OxM2Mo8', 1),
(1976, '_cCnKoFz2rN', 1),
(1977, '_hRkZtId0mW', 1),
(1978, '_vI16nKaEw2', 1),
(1979, '_bWcW2UbRqH', 1),
(1980, '_r5u3zUd4n2', 1),
(1981, '_16lX3Cy2aE', 1),
(1982, '_yQ50h9v202', 1),
(1983, '_fJc44Y1YvZ', 1),
(1984, '_27iE33p3u7', 1),
(1985, '_dFpQiIj97P', 1),
(1986, '_zJl63XgYp1', 1),
(1987, '_lIm3u3kTm5', 1),
(1988, '_p0xMr5oQ00', 1),
(1989, '_lMs9q6p2pD', 1),
(1990, '_8PeDjD2L9W', 1),
(1991, '_2BkHiY0E93', 1),
(1992, '_fDwUeJiSb9', 1),
(1993, '_t5z4m8rApV', 1),
(1994, '_cFkRsLeQnH', 1),
(1995, '_cEdVe2tKn4', 1),
(1996, '_t2317Rh9oJ', 1),
(1997, '_m20SiVjWxI', 1),
(1998, '_iA8167vF8D', 1),
(1999, '_aGtT4NdXa5', 1),
(2000, '_vHl78Oq01H', 1),
(2001, '_j140nHvTcK', 1),
(2002, '_2Nn2cR97xY', 1),
(2003, '_3N63yW2Ux1', 1),
(2004, '_q5y5q6wViG', 1),
(2005, '_0Q1Lr8nSaN', 1),
(2006, '_lX5GgGa5wV', 1),
(2007, '_zGrW7NzTaK', 1),
(2008, '_a3dAq6v8xK', 1),
(2009, '_bG2SfUkJ5U', 1),
(2010, '_854Fh4572E', 1),
(2011, '_c7b8qSePrI', 1),
(2012, '_iE3ZqUg72H', 1),
(2013, '_19vHmAcVtV', 1),
(2014, '_lE8B9C9Xu8', 1),
(2015, '_wBnYvLrVqM', 1),
(2016, '_6VrO240As7', 1),
(2017, '_lXs0a29ZaH', 1),
(2018, '_wSxD7QnZsA', 1),
(2019, '_eCn5mWeD4G', 1),
(2020, '_d0jBdOtYbO', 1),
(2021, '_pLyAzXu39T', 1),
(2022, '_o309gNiT0B', 1),
(2023, '_2CcPeOs84A', 1),
(2024, '_iTtV8U0OiH', 1),
(2025, '_570817hTh0', 1),
(2026, '_t6tHaLxSuT', 1),
(2027, '_hEiGvH85y7', 1),
(2028, '_xQsYbW2C9Z', 1),
(2029, '_l1jVb9wS56', 1),
(2030, '_kBcLiDcClW', 1),
(2031, '_j6g5b3oAyT', 1),
(2032, '_tIwWi1a60J', 1),
(2033, '_4J84dJfWoQ', 1),
(2034, '_8QaErIvU23', 1),
(2035, '_w12X0YrFmI', 1),
(2036, '_iJbTvVdRiS', 1),
(2037, '_6Y886L69p8', 1),
(2038, '_rEvM9N3J57', 1),
(2039, '_03dJrRd8rO', 1),
(2040, '_wIhMvTgM0B', 1),
(2041, '_2765pHk51L', 1),
(2042, '_5Jd71YbMdQ', 1),
(2043, '_e4iOk6xJr0', 1),
(2044, '_x6oPkOeDt9', 1),
(2045, '_vUz7mBpU5F', 1),
(2046, '_k3830W7DuG', 1),
(2047, '_yV2UeBa4k7', 1),
(2048, '_aKdKfH86jR', 1),
(2049, '_zVh20V9C4G', 1),
(2050, '_fFqVzG23oK', 1),
(2051, '_zXaCjVwYtW', 1),
(2052, '_aAbDkEgEn3', 1),
(2053, '_1B6R9TeTvB', 1),
(2054, '_gRzQ6Up6aK', 1),
(2055, '_7H5Q2CcVm4', 1),
(2056, '_sGfJsO89wQ', 1),
(2057, '_l9kE56n6b3', 1),
(2058, '_bU7UbE0U4T', 1),
(2059, '_bD29wXfDeI', 1),
(2060, '_3V2ZlKqMlI', 1),
(2061, '_hW1I5SsBpH', 1),
(2062, '_aBqW0NfXlM', 1),
(2063, '_x8aPeN8NzL', 1),
(2064, '_aSfJiGgVt6', 1),
(2065, '_fXmFkJfJl1', 1),
(2066, '_hN9XsK7V0Y', 1),
(2067, '_m147kH591H', 1),
(2068, '_b7hX3XnBv8', 1),
(2069, '_yHoWtHiUeD', 1),
(2070, '_eN4ZxL8Pl5', 1),
(2071, '_p36QgZeTrN', 1),
(2072, '_oGoIdZvEpY', 1),
(2073, '_5Z0WvZiDnF', 1),
(2074, '_1CfKgEjWoF', 1),
(2075, '_tIjYgAe7mO', 1),
(2076, '_9PcNzQgEy6', 1),
(2077, '_dD3XrOxSsE', 1),
(2078, '_60e6y250zB', 1),
(2079, '_gSzRgVi16Q', 1),
(2080, '_8Kh0o9rX1M', 1),
(2081, '_dIxX101EwZ', 1),
(2082, '_6WbDhHbIbW', 1),
(2083, '_yWtW5X7T7F', 1),
(2084, '_2I0G3Ut195', 1),
(2085, '_qM4Ju4sFfN', 1),
(2086, '_1Gi7sOj1hV', 1),
(2087, '_uF0QzG2W1A', 1),
(2088, '_wCaI1UwZuD', 1),
(2089, '_nKrFjHaF8Q', 1),
(2090, '_43pY7Ph5pT', 1),
(2091, '_4Yt57HkPdE', 1),
(2092, '_mYf5oW5T1Z', 1),
(2093, '_zQiV9Tl86P', 1),
(2094, '_7O06mWo0yN', 1),
(2095, '_l4q9mEsBo3', 1),
(2096, '_wUb11S7516', 1),
(2097, '_iZxOwE0HrY', 1),
(2098, '_mRs8a3hJzP', 1),
(2099, '_5MbR0Hj10R', 1),
(2100, '_pUeAoBfRgO', 1),
(2101, '_iTcEwOkZpP', 1),
(2102, '_0Ov7qElQlW', 1),
(2103, '_lHySpO2J8D', 1),
(2104, '_uBbRmFg393', 1),
(2105, '_wYa51RiJ7U', 1),
(2106, '_tIvP690QaK', 1),
(2107, '_lI5TqExHx3', 1),
(2108, '_oAfT1HwIaU', 1),
(2109, '_gKrQm8dMoT', 1),
(2110, '_oVrNtBgLe8', 1),
(2111, '_1OqS6IpDkC', 1),
(2112, '_jQkV5R5LwS', 1),
(2113, '_gE6UuF7NiV', 1),
(2114, '_2SeEaGxD6C', 1),
(2115, '_4Y0DsS1SmQ', 1),
(2116, '_nUjCfC95h1', 1),
(2117, '_rD2Q8D21nF', 1),
(2118, '_i0gS9V7Y3L', 1),
(2119, '_98l0g6vAbE', 1),
(2120, '_vUfL9QoKlT', 1),
(2121, '_n0yLbBc3pQ', 1),
(2122, '_mSsGm7fLjP', 1),
(2123, '_n3hE298CvX', 1),
(2124, '_wPb66G2YcT', 1),
(2125, '_6NdLmO03e1', 1),
(2126, '_0RjUq11G9Z', 1);
INSERT INTO `codesvalidation` (`idCodesValidation`, `code`, `deja_genere`) VALUES
(2127, '_vHjN7Kj4tH', 1),
(2128, '_cHp8yBd0cY', 1),
(2129, '_bU3McVxKtW', 1),
(2130, '_f7a7mE8N7H', 1),
(2131, '_n7kEhIkRjY', 1),
(2132, '_uWzD4Yc06U', 1),
(2133, '_fA33c9k979', 1),
(2134, '_u1z14X94fD', 1),
(2135, '_k4hZ9R1Q64', 1),
(2136, '_kG8FnYwT92', 1),
(2137, '_dKxZp3dSdT', 1),
(2138, '_sY4CkN6CpN', 1),
(2139, '_8NcP4N5V0U', 1),
(2140, '_dI52uWz09E', 1),
(2141, '_zH9Js6uAxT', 1),
(2142, '_f4pTxMiNpM', 1),
(2143, '_9Nw5vXzHbN', 1),
(2144, '_a9aS6QtEw1', 1),
(2145, '_00xBb8kTt3', 1),
(2146, '_8MoEoCgWm2', 1),
(2147, '_iRi6i9zQdJ', 1),
(2148, '_8YrWgPkXoU', 1);

-- --------------------------------------------------------

--
-- Table structure for table `filleuls`
--

CREATE TABLE `filleuls` (
  `idFilleuls` int(11) NOT NULL,
  `User_idUser` int(11) NOT NULL,
  `Parrain_idParrain` int(11) NOT NULL,
  `Parrain_User_idUser` int(11) NOT NULL
) ENGINE=InnoDB DEFAULT CHARSET=utf8;

--
-- Dumping data for table `filleuls`
--

INSERT INTO `filleuls` (`idFilleuls`, `User_idUser`, `Parrain_idParrain`, `Parrain_User_idUser`) VALUES
(1, 2, 1, 1),
(2, 3, 2, 2),
(3, 4, 2, 2),
(4, 5, 2, 2),
(5, 6, 3, 3),
(6, 7, 1, 1),
(7, 8, 1, 1),
(8, 9, 4, 8),
(9, 10, 4, 8),
(10, 11, 4, 8),
(11, 12, 5, 7),
(12, 13, 5, 7),
(13, 14, 5, 7),
(14, 15, 6, 12),
(15, 16, 6, 12),
(16, 17, 6, 12),
(17, 18, 3, 3),
(18, 19, 3, 3),
(19, 20, 7, 18),
(20, 21, 7, 18),
(21, 22, 7, 18),
(22, 23, 8, 9),
(23, 24, 8, 9),
(24, 25, 8, 9),
(25, 26, 9, 4),
(26, 27, 10, 5),
(27, 28, 9, 4),
(28, 29, 10, 5),
(29, 30, 9, 4),
(30, 31, 10, 5),
(31, 32, 11, 26),
(32, 33, 11, 26),
(33, 34, 11, 26),
(34, 35, 12, 27),
(35, 36, 13, 20),
(36, 37, 14, 28),
(37, 38, 14, 28),
(38, 39, 13, 20),
(39, 40, 14, 28),
(40, 41, 15, 10),
(41, 42, 15, 10),
(42, 43, 13, 20),
(43, 44, 15, 10),
(44, 45, 12, 27),
(45, 46, 12, 27),
(46, 47, 16, 29),
(47, 48, 16, 29),
(48, 49, 16, 29),
(49, 50, 17, 37),
(50, 51, 18, 6),
(51, 52, 17, 37),
(52, 53, 18, 6),
(53, 54, 17, 37),
(54, 55, 18, 6),
(55, 57, 19, 19),
(56, 58, 19, 19),
(57, 59, 19, 19),
(58, 60, 20, 51),
(59, 61, 21, 16),
(60, 62, 21, 16),
(61, 63, 21, 16),
(62, 64, 20, 51),
(63, 65, 20, 51),
(64, 66, 22, 61),
(65, 67, 22, 61),
(66, 68, 22, 61),
(67, 69, 23, 55),
(68, 70, 24, 53),
(69, 71, 25, 15),
(70, 72, 23, 55),
(71, 73, 25, 15),
(72, 74, 25, 15),
(73, 75, 23, 55),
(74, 76, 24, 53),
(75, 77, 26, 17),
(76, 78, 26, 17),
(77, 79, 26, 17),
(78, 80, 27, 62),
(79, 81, 27, 62),
(80, 82, 27, 62),
(81, 83, 24, 53),
(82, 84, 28, 63),
(83, 85, 28, 63),
(84, 86, 28, 63),
(85, 87, 29, 21),
(86, 88, 29, 21),
(87, 89, 29, 21),
(88, 90, 30, 70),
(89, 91, 31, 66),
(90, 92, 30, 70),
(91, 93, 30, 70),
(92, 94, 31, 66),
(93, 95, 31, 66),
(94, 96, 32, 76),
(95, 97, 33, 22),
(96, 98, 32, 76),
(97, 99, 32, 76),
(98, 100, 33, 22),
(99, 101, 33, 22),
(100, 102, 34, 87),
(101, 103, 34, 87),
(102, 104, 34, 87),
(103, 105, 35, 67),
(104, 106, 35, 67),
(105, 107, 35, 67),
(106, 108, 36, 58),
(107, 109, 36, 58),
(108, 110, 36, 58),
(109, 111, 37, 68),
(110, 112, 38, 57),
(111, 113, 37, 68),
(112, 114, 37, 68),
(113, 115, 38, 57),
(114, 116, 38, 57),
(115, 117, 39, 13),
(116, 118, 39, 13),
(117, 119, 39, 13),
(118, 120, 40, 59),
(119, 121, 40, 59),
(120, 122, 41, 14),
(121, 123, 40, 59),
(122, 124, 41, 14),
(123, 125, 41, 14),
(124, 126, 42, 117),
(125, 127, 42, 117),
(126, 128, 42, 117),
(127, 129, 43, 122),
(128, 130, 44, 64),
(129, 131, 43, 122),
(130, 132, 43, 122),
(131, 133, 44, 64),
(132, 134, 44, 64),
(133, 135, 45, 126),
(134, 136, 45, 126),
(135, 137, 45, 126),
(136, 138, 46, 127),
(137, 139, 46, 127),
(138, 140, 46, 127),
(139, 141, 47, 65),
(140, 142, 47, 65),
(141, 143, 47, 65),
(142, 144, 48, 60),
(143, 145, 48, 60),
(144, 146, 48, 60),
(145, 147, 49, 128),
(146, 148, 49, 128),
(147, 149, 49, 128),
(148, 150, 50, 83),
(149, 151, 50, 83),
(150, 152, 50, 83),
(151, 153, 51, 69),
(152, 154, 51, 69),
(153, 155, 51, 69),
(154, 156, 52, 75),
(155, 157, 52, 75),
(156, 158, 53, 124),
(157, 159, 52, 75),
(158, 160, 53, 124),
(159, 161, 53, 124),
(160, 162, 54, 125),
(161, 163, 54, 125),
(162, 164, 54, 125),
(163, 165, 55, 158),
(164, 166, 55, 158),
(165, 167, 55, 158),
(166, 168, 56, 23),
(167, 169, 56, 23),
(168, 170, 56, 23),
(169, 171, 57, 24),
(170, 172, 57, 24),
(171, 173, 57, 24),
(172, 174, 58, 25),
(173, 175, 58, 25),
(174, 176, 58, 25),
(175, 177, 59, 168),
(176, 178, 59, 168),
(177, 179, 59, 168),
(178, 180, 60, 169),
(179, 181, 60, 169),
(180, 182, 60, 169),
(181, 183, 61, 170),
(182, 184, 61, 170),
(183, 185, 61, 170),
(184, 186, 62, 171),
(185, 187, 62, 171),
(186, 188, 62, 171),
(187, 189, 63, 172),
(188, 190, 63, 172),
(189, 191, 63, 172),
(190, 192, 64, 173),
(191, 193, 64, 173),
(192, 194, 64, 173),
(193, 195, 65, 11),
(194, 196, 65, 11),
(195, 197, 65, 11),
(196, 198, 66, 41),
(197, 199, 66, 41),
(198, 200, 66, 41),
(199, 201, 67, 42),
(200, 202, 67, 42),
(201, 203, 67, 42),
(202, 204, 68, 44),
(203, 205, 68, 44),
(204, 206, 68, 44),
(205, 207, 69, 195),
(206, 208, 69, 195),
(207, 209, 69, 195),
(208, 210, 70, 196),
(209, 211, 70, 196),
(210, 212, 70, 196),
(211, 213, 71, 197),
(212, 214, 71, 197),
(213, 215, 71, 197),
(214, 216, 72, 198),
(215, 217, 72, 198),
(216, 218, 72, 198),
(217, 219, 73, 199),
(218, 220, 73, 199),
(219, 221, 73, 199),
(220, 222, 74, 200),
(221, 223, 74, 200),
(222, 224, 74, 200),
(223, 225, 75, 216),
(224, 226, 75, 216),
(225, 227, 75, 216),
(226, 228, 76, 217),
(227, 229, 76, 217),
(228, 230, 76, 217),
(229, 231, 77, 218),
(230, 232, 77, 218),
(231, 233, 77, 218),
(232, 234, 78, 219),
(233, 235, 78, 219),
(234, 236, 78, 219),
(235, 237, 79, 220),
(236, 238, 79, 220),
(237, 239, 79, 220),
(238, 240, 80, 222),
(239, 241, 80, 222),
(240, 242, 80, 222),
(241, 243, 81, 223),
(242, 244, 81, 223),
(243, 245, 81, 223),
(244, 246, 82, 224),
(245, 247, 82, 224),
(246, 248, 82, 224),
(247, 249, 83, 221),
(248, 250, 83, 221),
(249, 251, 83, 221),
(250, 252, 84, 206),
(251, 253, 84, 206),
(252, 254, 84, 206),
(253, 255, 85, 204),
(254, 256, 85, 204),
(255, 257, 85, 204),
(256, 258, 86, 205),
(257, 259, 86, 205),
(258, 260, 86, 205),
(259, 261, 87, 258),
(260, 262, 87, 258),
(261, 263, 87, 258),
(262, 264, 88, 259),
(263, 265, 88, 259),
(264, 266, 88, 259),
(265, 267, 89, 260),
(266, 268, 89, 260),
(267, 269, 89, 260),
(268, 270, 90, 255),
(269, 271, 90, 255),
(270, 272, 90, 255),
(271, 273, 91, 256),
(272, 274, 91, 256),
(273, 275, 91, 256),
(274, 276, 92, 257),
(275, 277, 92, 257),
(276, 278, 92, 257),
(277, 279, 93, 201),
(278, 280, 93, 201),
(279, 281, 93, 201),
(280, 282, 94, 174),
(281, 283, 94, 174),
(282, 284, 94, 174),
(283, 285, 95, 175),
(284, 286, 95, 175),
(285, 287, 95, 175),
(286, 288, 96, 176),
(287, 289, 96, 176),
(288, 290, 96, 176),
(289, 291, 97, 202),
(290, 292, 97, 202),
(291, 293, 97, 202),
(292, 294, 98, 203),
(293, 295, 98, 203),
(294, 296, 98, 203),
(295, 297, 99, 207),
(296, 298, 99, 207),
(297, 299, 99, 207),
(298, 300, 100, 208),
(299, 301, 100, 208),
(300, 302, 100, 208),
(301, 303, 101, 209),
(302, 304, 101, 209),
(303, 305, 101, 209),
(304, 306, 102, 210),
(305, 307, 102, 210),
(306, 308, 102, 210),
(307, 309, 103, 211),
(308, 310, 103, 211),
(309, 311, 103, 211),
(310, 312, 104, 212),
(311, 313, 104, 212),
(312, 314, 104, 212),
(313, 315, 105, 213),
(314, 316, 105, 213),
(315, 317, 105, 213),
(316, 318, 106, 214),
(317, 319, 106, 214),
(318, 320, 106, 214),
(319, 321, 107, 215),
(320, 322, 107, 215),
(321, 323, 107, 215),
(322, 324, 108, 30);

-- --------------------------------------------------------

--
-- Table structure for table `parrain`
--

CREATE TABLE `parrain` (
  `idParrain` int(11) NOT NULL,
  `nbGene1` int(11) DEFAULT '0',
  `nbGene2` int(11) DEFAULT '0' COMMENT '	',
  `nbGene3` int(11) DEFAULT '0',
  `User_idUser` int(11) NOT NULL
) ENGINE=InnoDB DEFAULT CHARSET=utf8;

--
-- Dumping data for table `parrain`
--

INSERT INTO `parrain` (`idParrain`, `nbGene1`, `nbGene2`, `nbGene3`, `User_idUser`) VALUES
(1, 3, 0, 0, 1),
(2, 3, 0, 0, 2),
(3, 3, 0, 0, 3),
(4, 3, 0, 0, 8),
(5, 3, 0, 0, 7),
(6, 3, 0, 0, 12),
(7, 3, 0, 0, 18),
(8, 3, 0, 0, 9),
(9, 3, 0, 0, 4),
(10, 3, 0, 0, 5),
(11, 3, 0, 0, 26),
(12, 3, 0, 0, 27),
(13, 3, 0, 0, 20),
(14, 3, 0, 0, 28),
(15, 3, 0, 0, 10),
(16, 3, 0, 0, 29),
(17, 3, 0, 0, 37),
(18, 3, 0, 0, 6),
(19, 3, 0, 0, 19),
(20, 3, 0, 0, 51),
(21, 3, 0, 0, 16),
(22, 3, 0, 0, 61),
(23, 3, 0, 0, 55),
(24, 3, 0, 0, 53),
(25, 3, 0, 0, 15),
(26, 3, 0, 0, 17),
(27, 3, 0, 0, 62),
(28, 3, 0, 0, 63),
(29, 3, 0, 0, 21),
(30, 3, 0, 0, 70),
(31, 3, 0, 0, 66),
(32, 3, 0, 0, 76),
(33, 3, 0, 0, 22),
(34, 3, 0, 0, 87),
(35, 3, 0, 0, 67),
(36, 3, 0, 0, 58),
(37, 3, 0, 0, 68),
(38, 3, 0, 0, 57),
(39, 3, 0, 0, 13),
(40, 3, 0, 0, 59),
(41, 3, 0, 0, 14),
(42, 3, 0, 0, 117),
(43, 3, 0, 0, 122),
(44, 3, 0, 0, 64),
(45, 3, 0, 0, 126),
(46, 3, 0, 0, 127),
(47, 3, 0, 0, 65),
(48, 3, 0, 0, 60),
(49, 3, 0, 0, 128),
(50, 3, 0, 0, 83),
(51, 3, 0, 0, 69),
(52, 3, 0, 0, 75),
(53, 3, 0, 0, 124),
(54, 3, 0, 0, 125),
(55, 3, 0, 0, 158),
(56, 3, 0, 0, 23),
(57, 3, 0, 0, 24),
(58, 3, 0, 0, 25),
(59, 3, 0, 0, 168),
(60, 3, 0, 0, 169),
(61, 3, 0, 0, 170),
(62, 3, 0, 0, 171),
(63, 3, 0, 0, 172),
(64, 3, 0, 0, 173),
(65, 3, 0, 0, 11),
(66, 3, 0, 0, 41),
(67, 3, 0, 0, 42),
(68, 3, 0, 0, 44),
(69, 3, 0, 0, 195),
(70, 3, 0, 0, 196),
(71, 3, 0, 0, 197),
(72, 3, 0, 0, 198),
(73, 3, 0, 0, 199),
(74, 3, 0, 0, 200),
(75, 3, 0, 0, 216),
(76, 3, 0, 0, 217),
(77, 3, 0, 0, 218),
(78, 3, 0, 0, 219),
(79, 3, 0, 0, 220),
(80, 3, 0, 0, 222),
(81, 3, 0, 0, 223),
(82, 3, 0, 0, 224),
(83, 3, 0, 0, 221),
(84, 3, 0, 0, 206),
(85, 3, 0, 0, 204),
(86, 3, 0, 0, 205),
(87, 3, 0, 0, 258),
(88, 3, 0, 0, 259),
(89, 3, 0, 0, 260),
(90, 3, 0, 0, 255),
(91, 3, 0, 0, 256),
(92, 3, 0, 0, 257),
(93, 3, 0, 0, 201),
(94, 3, 0, 0, 174),
(95, 3, 0, 0, 175),
(96, 3, 0, 0, 176),
(97, 3, 0, 0, 202),
(98, 3, 0, 0, 203),
(99, 3, 0, 0, 207),
(100, 3, 0, 0, 208),
(101, 3, 0, 0, 209),
(102, 3, 0, 0, 210),
(103, 3, 0, 0, 211),
(104, 3, 0, 0, 212),
(105, 3, 0, 0, 213),
(106, 3, 0, 0, 214),
(107, 3, 0, 0, 215),
(108, 1, 0, 0, 30);

-- --------------------------------------------------------

--
-- Table structure for table `parrain_has_code`
--

CREATE TABLE `parrain_has_code` (
  `id` int(11) NOT NULL,
  `id_pere` int(11) NOT NULL,
  `code` varchar(255) NOT NULL
) ENGINE=InnoDB DEFAULT CHARSET=utf8;

--
-- Dumping data for table `parrain_has_code`
--

INSERT INTO `parrain_has_code` (`id`, `id_pere`, `code`) VALUES
(1, 1, 'test_code_must_be_deleted'),
(2, 2, 'test_code_must_be_deleted'),
(3, 2, 'test_code_must_be_deleted'),
(4, 2, 'test_code_must_be_deleted'),
(5, 3, 'test_code_must_be_deleted'),
(6, 1, 'test_code_must_be_deleted'),
(7, 1, 'test_code_must_be_deleted'),
(8, 8, 'test_code_must_be_deleted'),
(9, 8, 'test_code_must_be_deleted'),
(10, 8, 'test_code_must_be_deleted'),
(11, 7, 'test_code_must_be_deleted'),
(12, 7, 'test_code_must_be_deleted'),
(13, 7, 'test_code_must_be_deleted'),
(14, 12, 'test_code_must_be_deleted'),
(15, 12, 'test_code_must_be_deleted'),
(16, 12, 'test_code_must_be_deleted'),
(17, 3, 'test_code_must_be_deleted'),
(18, 3, 'test_code_must_be_deleted'),
(19, 18, 'test_code_must_be_deleted'),
(20, 18, 'test_code_must_be_deleted'),
(21, 18, 'test_code_must_be_deleted'),
(22, 9, 'test_code_must_be_deleted'),
(23, 9, 'test_code_must_be_deleted'),
(24, 9, 'test_code_must_be_deleted'),
(25, 4, 'test_code_must_be_deleted'),
(26, 5, 'test_code_must_be_deleted'),
(27, 4, 'test_code_must_be_deleted'),
(28, 5, 'test_code_must_be_deleted'),
(29, 4, 'test_code_must_be_deleted'),
(30, 5, 'test_code_must_be_deleted'),
(31, 26, 'test_code_must_be_deleted'),
(32, 26, 'test_code_must_be_deleted'),
(33, 26, 'test_code_must_be_deleted'),
(34, 27, 'test_code_must_be_deleted'),
(35, 20, 'test_code_must_be_deleted'),
(36, 28, 'test_code_must_be_deleted'),
(37, 28, 'test_code_must_be_deleted'),
(38, 20, 'test_code_must_be_deleted'),
(39, 28, 'test_code_must_be_deleted'),
(40, 10, 'test_code_must_be_deleted'),
(41, 10, 'test_code_must_be_deleted'),
(42, 20, 'test_code_must_be_deleted'),
(43, 10, 'test_code_must_be_deleted'),
(44, 27, 'test_code_must_be_deleted'),
(45, 27, 'test_code_must_be_deleted'),
(46, 29, 'test_code_must_be_deleted'),
(47, 29, 'test_code_must_be_deleted'),
(48, 29, 'test_code_must_be_deleted'),
(49, 37, 'test_code_must_be_deleted'),
(50, 6, 'test_code_must_be_deleted'),
(51, 37, 'test_code_must_be_deleted'),
(52, 6, 'test_code_must_be_deleted'),
(53, 37, 'test_code_must_be_deleted'),
(54, 6, 'test_code_must_be_deleted'),
(55, 29, 'test_code_must_be_deleted'),
(56, 19, 'test_code_must_be_deleted'),
(57, 19, 'test_code_must_be_deleted'),
(58, 19, 'test_code_must_be_deleted'),
(59, 51, 'test_code_must_be_deleted'),
(60, 16, 'test_code_must_be_deleted'),
(61, 16, 'test_code_must_be_deleted'),
(62, 16, 'test_code_must_be_deleted'),
(63, 51, 'test_code_must_be_deleted'),
(64, 51, 'test_code_must_be_deleted'),
(65, 61, 'test_code_must_be_deleted'),
(66, 61, 'test_code_must_be_deleted'),
(67, 61, 'test_code_must_be_deleted'),
(68, 55, 'test_code_must_be_deleted'),
(69, 53, 'test_code_must_be_deleted'),
(70, 15, 'test_code_must_be_deleted'),
(71, 55, 'test_code_must_be_deleted'),
(72, 15, 'test_code_must_be_deleted'),
(73, 15, 'test_code_must_be_deleted'),
(74, 55, 'test_code_must_be_deleted'),
(75, 53, 'test_code_must_be_deleted'),
(76, 17, 'test_code_must_be_deleted'),
(77, 17, 'test_code_must_be_deleted'),
(78, 17, 'test_code_must_be_deleted'),
(79, 62, 'test_code_must_be_deleted'),
(80, 62, 'test_code_must_be_deleted'),
(81, 62, 'test_code_must_be_deleted'),
(82, 53, 'test_code_must_be_deleted'),
(83, 63, 'test_code_must_be_deleted'),
(84, 63, 'test_code_must_be_deleted'),
(85, 63, 'test_code_must_be_deleted'),
(86, 21, 'test_code_must_be_deleted'),
(87, 21, 'test_code_must_be_deleted'),
(88, 21, 'test_code_must_be_deleted'),
(89, 70, 'test_code_must_be_deleted'),
(90, 66, 'test_code_must_be_deleted'),
(91, 70, 'test_code_must_be_deleted'),
(92, 70, 'test_code_must_be_deleted'),
(93, 66, 'test_code_must_be_deleted'),
(94, 66, 'test_code_must_be_deleted'),
(95, 76, 'test_code_must_be_deleted'),
(96, 22, 'test_code_must_be_deleted'),
(97, 76, 'test_code_must_be_deleted'),
(98, 76, 'test_code_must_be_deleted'),
(99, 22, 'test_code_must_be_deleted'),
(100, 22, 'test_code_must_be_deleted'),
(101, 87, 'test_code_must_be_deleted'),
(102, 87, 'test_code_must_be_deleted'),
(103, 87, 'test_code_must_be_deleted'),
(104, 67, 'test_code_must_be_deleted'),
(105, 67, 'test_code_must_be_deleted'),
(106, 67, 'test_code_must_be_deleted'),
(107, 58, 'test_code_must_be_deleted'),
(108, 58, 'test_code_must_be_deleted'),
(109, 58, 'test_code_must_be_deleted'),
(110, 68, 'test_code_must_be_deleted'),
(111, 57, 'test_code_must_be_deleted'),
(112, 68, 'test_code_must_be_deleted'),
(113, 68, 'test_code_must_be_deleted'),
(114, 57, 'test_code_must_be_deleted'),
(115, 57, 'test_code_must_be_deleted'),
(116, 13, 'test_code_must_be_deleted'),
(117, 13, 'test_code_must_be_deleted'),
(118, 13, 'test_code_must_be_deleted'),
(119, 59, 'test_code_must_be_deleted'),
(120, 59, 'test_code_must_be_deleted'),
(121, 14, 'test_code_must_be_deleted'),
(122, 59, 'test_code_must_be_deleted'),
(123, 14, 'test_code_must_be_deleted'),
(124, 14, 'test_code_must_be_deleted'),
(125, 117, 'test_code_must_be_deleted'),
(126, 117, 'test_code_must_be_deleted'),
(127, 117, 'test_code_must_be_deleted'),
(128, 122, 'test_code_must_be_deleted'),
(129, 64, 'test_code_must_be_deleted'),
(130, 122, 'test_code_must_be_deleted'),
(131, 122, 'test_code_must_be_deleted'),
(132, 64, 'test_code_must_be_deleted'),
(133, 64, 'test_code_must_be_deleted'),
(134, 126, 'test_code_must_be_deleted'),
(135, 126, 'test_code_must_be_deleted'),
(136, 126, 'test_code_must_be_deleted'),
(137, 127, 'test_code_must_be_deleted'),
(138, 127, 'test_code_must_be_deleted'),
(139, 127, 'test_code_must_be_deleted'),
(140, 65, 'test_code_must_be_deleted'),
(141, 65, 'test_code_must_be_deleted'),
(142, 65, 'test_code_must_be_deleted'),
(143, 60, 'test_code_must_be_deleted'),
(144, 60, 'test_code_must_be_deleted'),
(145, 60, 'test_code_must_be_deleted'),
(146, 128, 'test_code_must_be_deleted'),
(147, 128, 'test_code_must_be_deleted'),
(148, 128, 'test_code_must_be_deleted'),
(149, 83, 'test_code_must_be_deleted'),
(150, 83, 'test_code_must_be_deleted'),
(151, 83, 'test_code_must_be_deleted'),
(152, 69, 'test_code_must_be_deleted'),
(153, 69, 'test_code_must_be_deleted'),
(154, 69, 'test_code_must_be_deleted'),
(155, 75, 'test_code_must_be_deleted'),
(156, 75, 'test_code_must_be_deleted'),
(157, 124, 'test_code_must_be_deleted'),
(158, 75, 'test_code_must_be_deleted'),
(159, 124, 'test_code_must_be_deleted'),
(160, 124, 'test_code_must_be_deleted'),
(161, 125, 'test_code_must_be_deleted'),
(162, 125, 'test_code_must_be_deleted'),
(163, 125, 'test_code_must_be_deleted'),
(164, 158, 'test_code_must_be_deleted'),
(165, 158, 'test_code_must_be_deleted'),
(166, 158, 'test_code_must_be_deleted'),
(167, 23, 'test_code_must_be_deleted'),
(168, 23, 'test_code_must_be_deleted'),
(169, 23, 'test_code_must_be_deleted'),
(170, 24, 'test_code_must_be_deleted'),
(171, 24, 'test_code_must_be_deleted'),
(172, 24, 'test_code_must_be_deleted'),
(173, 25, 'test_code_must_be_deleted'),
(174, 25, 'test_code_must_be_deleted'),
(175, 25, 'test_code_must_be_deleted'),
(176, 168, 'test_code_must_be_deleted'),
(177, 168, 'test_code_must_be_deleted'),
(178, 168, 'test_code_must_be_deleted'),
(179, 169, 'test_code_must_be_deleted'),
(180, 169, 'test_code_must_be_deleted'),
(181, 169, 'test_code_must_be_deleted'),
(182, 170, 'test_code_must_be_deleted'),
(183, 170, 'test_code_must_be_deleted'),
(184, 170, 'test_code_must_be_deleted'),
(185, 171, 'test_code_must_be_deleted'),
(186, 171, 'test_code_must_be_deleted'),
(187, 171, 'test_code_must_be_deleted'),
(188, 172, 'test_code_must_be_deleted'),
(189, 172, 'test_code_must_be_deleted'),
(190, 172, 'test_code_must_be_deleted'),
(191, 173, 'test_code_must_be_deleted'),
(192, 173, 'test_code_must_be_deleted'),
(193, 173, 'test_code_must_be_deleted'),
(194, 11, 'test_code_must_be_deleted'),
(195, 11, 'test_code_must_be_deleted'),
(196, 11, 'test_code_must_be_deleted'),
(197, 41, 'test_code_must_be_deleted'),
(198, 41, 'test_code_must_be_deleted'),
(199, 41, 'test_code_must_be_deleted'),
(200, 42, 'test_code_must_be_deleted'),
(201, 42, 'test_code_must_be_deleted'),
(202, 42, 'test_code_must_be_deleted'),
(203, 44, 'test_code_must_be_deleted'),
(204, 44, 'test_code_must_be_deleted'),
(205, 44, 'test_code_must_be_deleted'),
(206, 195, 'test_code_must_be_deleted'),
(207, 195, 'test_code_must_be_deleted'),
(208, 195, 'test_code_must_be_deleted'),
(209, 196, 'test_code_must_be_deleted'),
(210, 196, 'test_code_must_be_deleted'),
(211, 196, 'test_code_must_be_deleted'),
(212, 197, 'test_code_must_be_deleted'),
(213, 197, 'test_code_must_be_deleted'),
(214, 197, 'test_code_must_be_deleted'),
(215, 198, 'test_code_must_be_deleted'),
(216, 198, 'test_code_must_be_deleted'),
(217, 198, 'test_code_must_be_deleted'),
(218, 199, 'test_code_must_be_deleted'),
(219, 199, 'test_code_must_be_deleted'),
(220, 199, 'test_code_must_be_deleted'),
(221, 200, 'test_code_must_be_deleted'),
(222, 200, 'test_code_must_be_deleted'),
(223, 200, 'test_code_must_be_deleted'),
(224, 216, 'test_code_must_be_deleted'),
(225, 216, 'test_code_must_be_deleted'),
(226, 216, 'test_code_must_be_deleted'),
(227, 217, 'test_code_must_be_deleted'),
(228, 217, 'test_code_must_be_deleted'),
(229, 217, 'test_code_must_be_deleted'),
(230, 218, 'test_code_must_be_deleted'),
(231, 218, 'test_code_must_be_deleted'),
(232, 218, 'test_code_must_be_deleted'),
(233, 219, 'test_code_must_be_deleted'),
(234, 219, 'test_code_must_be_deleted'),
(235, 219, 'test_code_must_be_deleted'),
(236, 220, 'test_code_must_be_deleted'),
(237, 220, 'test_code_must_be_deleted'),
(238, 220, 'test_code_must_be_deleted'),
(239, 222, 'test_code_must_be_deleted'),
(240, 222, 'test_code_must_be_deleted'),
(241, 222, 'test_code_must_be_deleted'),
(242, 223, 'test_code_must_be_deleted'),
(243, 223, 'test_code_must_be_deleted'),
(244, 223, 'test_code_must_be_deleted'),
(245, 224, 'test_code_must_be_deleted'),
(246, 224, 'test_code_must_be_deleted'),
(247, 224, 'test_code_must_be_deleted'),
(248, 221, 'test_code_must_be_deleted'),
(249, 221, 'test_code_must_be_deleted'),
(250, 221, 'test_code_must_be_deleted'),
(251, 206, 'test_code_must_be_deleted'),
(252, 206, 'test_code_must_be_deleted'),
(253, 206, 'test_code_must_be_deleted'),
(254, 204, 'test_code_must_be_deleted'),
(255, 204, 'test_code_must_be_deleted'),
(256, 204, 'test_code_must_be_deleted'),
(257, 205, 'test_code_must_be_deleted'),
(258, 205, 'test_code_must_be_deleted'),
(259, 205, 'test_code_must_be_deleted'),
(260, 258, 'test_code_must_be_deleted'),
(261, 258, 'test_code_must_be_deleted'),
(262, 258, 'test_code_must_be_deleted'),
(263, 259, 'test_code_must_be_deleted'),
(264, 259, 'test_code_must_be_deleted'),
(265, 259, 'test_code_must_be_deleted'),
(266, 260, 'test_code_must_be_deleted'),
(267, 260, 'test_code_must_be_deleted'),
(268, 260, 'test_code_must_be_deleted'),
(269, 255, 'test_code_must_be_deleted'),
(270, 255, 'test_code_must_be_deleted'),
(271, 255, 'test_code_must_be_deleted'),
(272, 256, 'test_code_must_be_deleted'),
(273, 256, 'test_code_must_be_deleted'),
(274, 256, 'test_code_must_be_deleted'),
(275, 257, 'test_code_must_be_deleted'),
(276, 257, 'test_code_must_be_deleted'),
(277, 257, 'test_code_must_be_deleted'),
(278, 201, 'test_code_must_be_deleted'),
(279, 201, 'test_code_must_be_deleted'),
(280, 201, 'test_code_must_be_deleted'),
(281, 174, 'test_code_must_be_deleted'),
(282, 174, 'test_code_must_be_deleted'),
(283, 174, 'test_code_must_be_deleted'),
(284, 175, 'test_code_must_be_deleted'),
(285, 175, 'test_code_must_be_deleted'),
(286, 175, 'test_code_must_be_deleted'),
(287, 176, 'test_code_must_be_deleted'),
(288, 176, 'test_code_must_be_deleted'),
(289, 176, 'test_code_must_be_deleted'),
(290, 202, 'test_code_must_be_deleted'),
(291, 202, 'test_code_must_be_deleted'),
(292, 202, 'test_code_must_be_deleted'),
(293, 203, 'test_code_must_be_deleted'),
(294, 203, 'test_code_must_be_deleted'),
(295, 203, 'test_code_must_be_deleted'),
(296, 207, 'test_code_must_be_deleted'),
(297, 207, 'test_code_must_be_deleted'),
(298, 207, 'test_code_must_be_deleted'),
(299, 208, 'test_code_must_be_deleted'),
(300, 208, 'test_code_must_be_deleted'),
(301, 208, 'test_code_must_be_deleted'),
(302, 209, 'test_code_must_be_deleted'),
(303, 209, 'test_code_must_be_deleted'),
(304, 209, 'test_code_must_be_deleted'),
(305, 210, 'test_code_must_be_deleted'),
(306, 210, 'test_code_must_be_deleted'),
(307, 210, 'test_code_must_be_deleted'),
(308, 211, 'test_code_must_be_deleted'),
(309, 211, 'test_code_must_be_deleted'),
(310, 211, 'test_code_must_be_deleted'),
(311, 212, 'test_code_must_be_deleted'),
(312, 212, 'test_code_must_be_deleted'),
(313, 212, 'test_code_must_be_deleted'),
(314, 213, 'test_code_must_be_deleted'),
(315, 213, 'test_code_must_be_deleted'),
(316, 213, 'test_code_must_be_deleted'),
(317, 214, 'test_code_must_be_deleted'),
(318, 214, 'test_code_must_be_deleted'),
(319, 214, 'test_code_must_be_deleted'),
(320, 215, 'test_code_must_be_deleted'),
(321, 215, 'test_code_must_be_deleted'),
(322, 215, 'test_code_must_be_deleted'),
(323, 30, 'test_code_must_be_deleted');

-- --------------------------------------------------------

--
-- Table structure for table `parrain_has_filleuls`
--

CREATE TABLE `parrain_has_filleuls` (
  `Parrain_idParrain` int(11) NOT NULL,
  `Filleuls_idFilleuls` int(11) NOT NULL
) ENGINE=InnoDB DEFAULT CHARSET=utf8;

-- --------------------------------------------------------

--
-- Table structure for table `parrain_has_step`
--

CREATE TABLE `parrain_has_step` (
  `Parrain_idParrain` int(11) NOT NULL,
  `Parrain_User_idUser` int(11) NOT NULL,
  `Step_idStep` int(11) NOT NULL,
  `readyUp` tinyint(1) NOT NULL DEFAULT '0',
  `giftTaken` tinyint(1) NOT NULL DEFAULT '0'
) ENGINE=InnoDB DEFAULT CHARSET=utf8;

--
-- Dumping data for table `parrain_has_step`
--

INSERT INTO `parrain_has_step` (`Parrain_idParrain`, `Parrain_User_idUser`, `Step_idStep`, `readyUp`, `giftTaken`) VALUES
(1, 1, 1, 1, 0),
(1, 1, 2, 0, 0),
(2, 2, 1, 1, 0),
(2, 2, 2, 0, 0),
(3, 3, 1, 1, 0),
(3, 3, 2, 0, 0),
(4, 8, 1, 1, 0),
(4, 8, 2, 0, 0),
(5, 7, 1, 1, 0),
(5, 7, 2, 0, 0),
(6, 12, 1, 1, 0),
(6, 12, 2, 0, 0),
(7, 18, 1, 1, 0),
(7, 18, 2, 0, 0),
(8, 9, 1, 1, 0),
(8, 9, 2, 0, 0),
(9, 4, 1, 0, 0),
(10, 5, 1, 0, 0),
(11, 26, 1, 0, 0),
(12, 27, 1, 0, 0),
(13, 20, 1, 0, 0),
(14, 28, 1, 0, 0),
(15, 10, 1, 1, 0),
(15, 10, 2, 0, 0),
(16, 29, 1, 0, 0),
(17, 37, 1, 0, 0),
(18, 6, 1, 1, 0),
(18, 6, 2, 0, 0),
(19, 19, 1, 1, 0),
(19, 19, 2, 0, 0),
(20, 51, 1, 1, 0),
(20, 51, 2, 0, 0),
(21, 16, 1, 1, 0),
(21, 16, 2, 0, 0),
(22, 61, 1, 1, 0),
(22, 61, 2, 0, 0),
(23, 55, 1, 0, 0),
(24, 53, 1, 1, 0),
(24, 53, 2, 0, 0),
(25, 15, 1, 0, 0),
(26, 17, 1, 0, 0),
(27, 62, 1, 0, 0),
(28, 63, 1, 0, 0),
(29, 21, 1, 0, 0),
(30, 70, 1, 0, 0),
(31, 66, 1, 0, 0),
(32, 76, 1, 0, 0),
(33, 22, 1, 0, 0),
(34, 87, 1, 0, 0),
(35, 67, 1, 0, 0),
(36, 58, 1, 0, 0),
(37, 68, 1, 0, 0),
(38, 57, 1, 0, 0),
(39, 13, 1, 0, 0),
(40, 59, 1, 0, 0),
(41, 14, 1, 1, 0),
(41, 14, 2, 0, 0),
(42, 117, 1, 1, 0),
(42, 117, 2, 0, 0),
(43, 122, 1, 0, 0),
(44, 64, 1, 0, 0),
(45, 126, 1, 0, 0),
(46, 127, 1, 0, 0),
(47, 65, 1, 0, 0),
(48, 60, 1, 0, 0),
(49, 128, 1, 0, 0),
(50, 83, 1, 0, 0),
(51, 69, 1, 0, 0),
(52, 75, 1, 0, 0),
(53, 124, 1, 0, 0),
(54, 125, 1, 0, 0),
(55, 158, 1, 0, 0),
(56, 23, 1, 1, 0),
(56, 23, 2, 0, 0),
(57, 24, 1, 1, 0),
(57, 24, 2, 0, 0),
(58, 25, 1, 1, 0),
(58, 25, 2, 0, 0),
(59, 168, 1, 0, 0),
(60, 169, 1, 0, 0),
(61, 170, 1, 0, 0),
(62, 171, 1, 0, 0),
(63, 172, 1, 0, 0),
(64, 173, 1, 0, 0),
(65, 11, 1, 1, 0),
(65, 11, 2, 0, 0),
(66, 41, 1, 1, 0),
(66, 41, 2, 0, 0),
(67, 42, 1, 1, 0),
(67, 42, 2, 0, 0),
(68, 44, 1, 1, 0),
(68, 44, 2, 0, 0),
(69, 195, 1, 1, 0),
(69, 195, 2, 0, 0),
(70, 196, 1, 1, 0),
(70, 196, 2, 0, 0),
(71, 197, 1, 1, 0),
(71, 197, 2, 0, 0),
(72, 198, 1, 1, 0),
(72, 198, 2, 0, 0),
(73, 199, 1, 1, 0),
(73, 199, 2, 0, 0),
(74, 200, 1, 1, 0),
(74, 200, 2, 0, 0),
(75, 216, 1, 0, 0),
(76, 217, 1, 0, 0),
(77, 218, 1, 0, 0),
(78, 219, 1, 0, 0),
(79, 220, 1, 0, 0),
(80, 222, 1, 0, 0),
(81, 223, 1, 0, 0),
(82, 224, 1, 0, 0),
(83, 221, 1, 0, 0),
(84, 206, 1, 0, 0),
(85, 204, 1, 1, 0),
(85, 204, 2, 0, 0),
(86, 205, 1, 1, 0),
(86, 205, 2, 0, 0),
(87, 258, 1, 0, 0),
(88, 259, 1, 0, 0),
(89, 260, 1, 0, 0),
(90, 255, 1, 0, 0),
(91, 256, 1, 0, 0),
(92, 257, 1, 0, 0),
(93, 201, 1, 0, 0),
(94, 174, 1, 0, 0),
(95, 175, 1, 0, 0),
(96, 176, 1, 0, 0),
(97, 202, 1, 0, 0),
(98, 203, 1, 0, 0),
(99, 207, 1, 0, 0),
(100, 208, 1, 0, 0),
(101, 209, 1, 0, 0),
(102, 210, 1, 0, 0),
(103, 211, 1, 0, 0),
(104, 212, 1, 0, 0),
(105, 213, 1, 0, 0),
(106, 214, 1, 0, 0),
(107, 215, 1, 0, 0),
(108, 30, 1, 0, 0);

-- --------------------------------------------------------

--
-- Table structure for table `recuperation`
--

CREATE TABLE `recuperation` (
  `id` int(11) NOT NULL,
  `mail` varchar(255) NOT NULL,
  `code` varchar(10) DEFAULT NULL,
  `confirme` int(11) DEFAULT NULL
) ENGINE=InnoDB DEFAULT CHARSET=utf8;

-- --------------------------------------------------------

--
-- Table structure for table `step`
--

CREATE TABLE `step` (
  `idStep` int(11) NOT NULL,
  `nbFilleulLimStep3` int(11) DEFAULT '39',
  `nbFilleulLimStep2` int(11) DEFAULT '39',
  `nbFilleulLimStep1` int(11) DEFAULT '39',
  `nbFilleulLimStep0` int(11) DEFAULT '12',
  `num` int(11) DEFAULT '1'
) ENGINE=InnoDB DEFAULT CHARSET=utf8;

--
-- Dumping data for table `step`
--

INSERT INTO `step` (`idStep`, `nbFilleulLimStep3`, `nbFilleulLimStep2`, `nbFilleulLimStep1`, `nbFilleulLimStep0`, `num`) VALUES
(1, 39, 39, 39, 12, 0),
(2, 39, 39, 39, 12, 1),
(3, 39, 39, 39, 12, 2),
(4, 39, 39, 39, 12, 3);

-- --------------------------------------------------------

--
-- Table structure for table `user`
--

CREATE TABLE `user` (
  `idUser` int(11) NOT NULL,
  `login` varchar(45) NOT NULL,
  `email` varchar(255) DEFAULT NULL,
  `password` varchar(100) NOT NULL,
  `lastName` varchar(45) NOT NULL,
  `firstName` varchar(45) NOT NULL,
  `phone` varchar(45) NOT NULL,
  `sex` char(1) DEFAULT NULL,
  `birthday` date DEFAULT NULL,
  `inscriptionDate` date DEFAULT NULL,
  `adress` varchar(45) DEFAULT NULL,
  `pays` varchar(255) DEFAULT NULL,
  `job` varchar(45) DEFAULT NULL,
  `admin` tinyint(1) NOT NULL DEFAULT '0',
  `newUser` tinyint(1) DEFAULT '1'
) ENGINE=InnoDB DEFAULT CHARSET=utf8;

--
-- Dumping data for table `user`
--

INSERT INTO `user` (`idUser`, `login`, `email`, `password`, `lastName`, `firstName`, `phone`, `sex`, `birthday`, `inscriptionDate`, `adress`, `pays`, `job`, `admin`, `newUser`) VALUES
(1, 'admin', '', '$2y$10$R9kORb49MpClhEysm90TxOaF4o7dEeTaNtf/gjqmUC/f1ry/Bw4nS', 'Food', 'Happy', '54879685', 'M', '2000-01-01', NULL, 'calavi', 'Benin', 'soudeur', 1, 0),
(2, 'John', '', '$2y$10$L1TN7GOpfm0WjoomuhvWYe9cVtUoZYN9gAu33lJH4MJYVA2HmpHgm', 'John', 'John', '54879685', 'M', '2000-01-01', NULL, 'calavi', 'Benin', 'soudeur', 0, 0),
(3, 'John1', '', '$2y$10$0c/9Xc4rmAQ9h//nEyFBt.COTan6mTXOsk5xe4J.8B6.kE5/D1zra', 'John1', 'John1', '66159865', 'M', '1990-08-30', NULL, 'calavi', 'Benin', 'Commerant ', 0, 0),
(4, 'John2', '', '$2y$10$M0YGAr3N7XNO86x9sYZxaOKqjbZk2yzZEXwluSrBtjI9USrz41PzC', 'John2', 'John2', '54879685', 'M', '0000-00-00', NULL, 'calavi', 'Benin', 'soudeur', 0, 0),
(5, 'John3', '', '$2y$10$3IAcd/YF0gXXXY5sG9eW2e.J6tp3epVE7T9ZdgWXJhvvQQaGLrfRq', 'John3', 'John3', '54879685', 'F', '0000-00-00', NULL, 'calavi', 'Benin', 'soudeur', 0, 0),
(6, 'John11', '', '$2y$10$ZxEeU40N3hEULTK7SeTb9ebKxElD8iTKNLDHi5LbriEBkeD4C/2V6', 'Jean', 'Jean', '54879685', 'M', '0000-00-00', NULL, 'calavi', 'Benin', 'soudeur', 0, 0),
(7, 'Jean', '', '$2y$10$ScJEwi0aAemetWs62GK52OzA3akE.0bGspaX0vWb6FVVEZ9mewsbS', 'admin', 'Jean', '54879685', 'M', '0000-00-00', NULL, 'calavi', 'Benin', 'soudeur', 0, 0),
(8, 'Jake', '', '$2y$10$p2t8316iUenNlRo0ThY7Xeku6RDaf03wo3M8A2r1iJCUB/1Sfu.K6', 'admin', 'Jak', '54879685', 'M', '2000-01-01', NULL, 'calavi', 'Benin', 'soudeur', 0, 0),
(9, 'Jake1', '', '$2y$10$OBRpuJ30T1LzyhDcl/vgkOIDE85rHpBXOlpQU7Sh3V5EDecBCQBCu', 'Jake', 'Jake', '54879685', 'M', '0000-00-00', NULL, 'calavi', 'Benin', 'soudeur', 0, 0),
(10, 'Jake2', '', '$2y$10$uOBAAfgni4M3U5fJFHrT7.NxTfv9X3M4AAe1hKCFJjCp8pR2c1N1C', 'Jake', 'Jake', '54879685', 'M', '2000-01-01', NULL, 'calavi', 'Benin', 'soudeur', 0, 0),
(11, 'Jake3', '', '$2y$10$O8RhRtm2G5//RWCOx9s6vOIy4BH4Lk0nZp1a74eLfaC1ftjjUMlIe', 'Jake', 'Jake', '54879685', 'M', '2000-01-01', NULL, 'calavi', 'Benin', 'soudeur', 0, 0),
(12, 'Jean1', '', '$2y$10$vlobm4trhlWgAcVYxmEc7O8V7x2gRkRQCfapzAiM5c9DUPe2GC0A.', 'Jean', 'Jean', '54879685', 'M', '2000-01-01', NULL, 'calavi', 'Benin', 'soudeur', 0, 0),
(13, 'Jean2', '', '$2y$10$ixJ3lHUDubct2qmUqTc/lOW6gbDVgNhiAA.vlueOeMIewsFNTbjd6', 'Jean', 'Jean', '54879685', 'M', '0000-00-00', NULL, 'calavi', 'Benin', 'soudeur', 0, 0),
(14, 'Jean3', '', '$2y$10$l1yPNTtuhZnzGT1y0FlLVuGeIAJMYq3K5PSBGfiqQAjdhcsBKdAuy', 'Jean', 'Jean', '54879685', 'M', '0000-00-00', NULL, 'calavi', 'Benin', 'soudeur', 0, 0),
(15, 'Jean12', '', '$2y$10$I5zKup0KKvg8noCpiGYByuEKTF.P0LJgApBP68GoLUssZ2BeINHU6', 'Jean1', 'Jean1', '54879685', 'M', '0000-00-00', NULL, 'calavi', 'Benin', 'soudeur', 0, 0),
(16, 'Jean11', '', '$2y$10$37Mc1nNP21f107qYNJAafuc5vWrAYjaDIuaffYb.0qRH0WY8rS.vm', 'Jean1', 'Jean1', '54879685', 'M', '0000-00-00', NULL, 'calavi', 'Benin', 'soudeur', 0, 0),
(17, 'Jean13', '', '$2y$10$6PCHuW5Zv3nFfyfOtDdoLegegOUkNZR2XNUjq22YzRAqKd2cfBFc.', 'Jean1', 'Jean1', '54879685', 'M', '0000-00-00', NULL, 'calavi', 'Benin', 'soudeur', 0, 0),
(18, 'John12', '', '$2y$10$ddJwv6jU3aV6wb70zsWrHOF/1Cb28zrXqTlczEdkVKiVGqollsxZ2', 'Dieu', 'Didoko', '66159865', 'M', '0000-00-00', NULL, 'calavi', 'Benin', 'soudeur', 0, 0),
(19, 'John13', '', '$2y$10$z5wiIAXvS60r2HUJi0ppUuXIo6J0d7wAlyCTK8dx9B4/QcwKqTVqK', 'John1', 'John1', '66159865', 'M', '0000-00-00', NULL, 'calavi', 'Benin', 'soudeur', 0, 0),
(20, 'John121', '', '$2y$10$hYG2k8lx9upNbI/Y8b0h9uGl6tufKGUBCWAr08.tpDpRkUH5BGZ3G', 'John12', 'John12', '66159865', 'M', '0000-00-00', NULL, 'calavi', 'Benin', 'soudeur', 0, 0),
(21, 'John122', '', '$2y$10$GLkqmFf3cNEmOJJ98K4ocOuWun7ZA.sXOayREMBZnmZpgb2Et1l4C', 'John12', 'John12', '66159865', 'M', '0000-00-00', NULL, 'calavi', 'Benin', 'soudeur', 0, 0),
(22, 'John123', '', '$2y$10$9cNqxhed6RGSTTr5/jrHBe6duqJ70AM4bgcLM7TWQHPCRBV4FemrS', 'John12', 'John12', '66159865', 'F', '2000-01-01', NULL, 'calavi', 'Benin', 'soudeur', 0, 0),
(23, 'Jake11', '', '$2y$10$EehxkC2TX9z5kp0TIuU.Ru2u1Ek/qGRKxp9DD2ye6qAhr.6APSynW', 'Jake11', 'Jake1', '54879685', 'F', '2000-01-01', NULL, 'calavi', 'Benin', 'soudeur', 0, 0),
(24, 'Jake12', '', '$2y$10$UYYIxBJBFsltCTK5HV2/sOumljcMYSifQE6cA8sDgC3aKG6kbEeQq', 'Jake12', 'Jake1', '54879685', 'M', '2000-01-01', NULL, 'calavi', 'Benin', 'soudeur', 0, 0),
(25, 'Jake13', '', '$2y$10$Ei0AaG.UNuRpQaIJIS2JQOgX2S2rNryoCGrDf5iFBraKMerGYEWsW', 'Jake13', 'Jake1', '54879685', 'M', '2000-01-01', NULL, 'calavi', 'Benin', 'soudeur', 0, 0),
(26, 'John21', '', '$2y$10$H10GZz0FajQk9mLy5ny1QusoIxgvZj1tn4289Ih4C.1Q85dOHqEOK', 'John21', 'John21', '54879685', 'M', '0000-00-00', NULL, 'calavi', 'Benin', 'soudeur', 0, 0),
(27, 'John31', '', '$2y$10$HbKJvWQ96JeRiPRuxW8Mo.Ov1jVffhCCQEKc6FqIzw/JpnCi9Pb06', 'John3', 'John3', '54879685', 'F', '0000-00-00', NULL, 'calavi', 'Benin', 'soudeur', 0, 0),
(28, 'John222', '', '$2y$10$G14/dOi5WgkvX1fa2XgtMOuygEK2DZCADIZwaEirNCkNKY.keb./O', 'John222', 'John222', '54879685', 'M', '0000-00-00', NULL, 'calavi', 'Benin', 'soudeur', 0, 0),
(29, 'John32', '', '$2y$10$WzN0/7nQh/th9Vbu4sUG3Ob9df6u64qnj7oJkSmoN8XO7VEy8pqIy', 'John3', 'John3', '54879685', 'M', '0000-00-00', NULL, 'calavi', 'Benin', 'soudeur', 0, 0),
(30, 'John23', '', '$2y$10$ZZKC0doMVDGhbPsJtAaVIu1M58xagjE5GyEecIgMy6Ga5YnoZcW.u', 'John23', 'John23', '54879685', 'M', '2000-01-01', NULL, 'calavi', 'Benin', 'soudeur', 1, 0),
(31, 'John33', NULL, '$2y$10$uvra3oE7gb5mWPG97LxfkuZKAG/3KoNeTuZLOOt2qQAy1nsgT7rsq', 'John3', 'John3', '54879685', NULL, NULL, NULL, NULL, NULL, NULL, 0, 1),
(32, 'John211', NULL, '$2y$10$FUAiEhdB5vmqkxmCpopBX.ixbTiiEaiH.PBQ384ZAIMtbATm0/5By', 'John211', 'John211', '54879685', NULL, NULL, NULL, NULL, NULL, NULL, 0, 1),
(33, 'John212', NULL, '$2y$10$HvRILMUqB.azS0fP30LVX.6c.8.Fn6RpTghiZTyGYuN9lUQwsxIYu', 'John212', 'John212', '54879685', NULL, NULL, NULL, NULL, NULL, NULL, 0, 1),
(34, 'John213', NULL, '$2y$10$h4JpaLS2LuDKe90rUCTwHewkwRH9EtYadH72gBKW7mmFt96h7UuqS', 'John213', 'John213', '54879685', NULL, NULL, NULL, NULL, NULL, NULL, 0, 1),
(35, 'John311', NULL, '$2y$10$gTSkv/LLuHuS7CTwZrOX/OhRW3p6GWLztC8bu5kqf8IJ6jPUVohwK', 'John31', 'John31', '54879685', NULL, NULL, NULL, NULL, NULL, NULL, 0, 1),
(36, 'John1211', NULL, '$2y$10$nJshtJpoGs9sU626guBxsevso92psaRabZoAd3436y3TsRoLJ4aCi', 'John121', 'John121', '66159865', NULL, NULL, NULL, NULL, NULL, NULL, 0, 1),
(37, 'John221', '', '$2y$10$nR0rc.QtXI8Ewn.7/bgQN.DqWDBVQOB3NkAaAFJZNqlkwBNVuF7QG', 'John221', 'John221', '54879685', 'M', '0000-00-00', NULL, 'calavi', 'Benin', 'soudeur', 0, 0),
(38, 'John223', NULL, '$2y$10$HmAHugG9/.fwXgFHcBHKVedcy2HZXsl3En/v1X5b3coW9hU8X7B9e', 'John223', 'John223', '54879685', NULL, NULL, NULL, NULL, NULL, NULL, 0, 1),
(39, 'John1212', NULL, '$2y$10$v4zQQhr7R1eGYM9kxApA4uo9PFyvZIfvhDiCZES9lNnpDwaFke.vG', 'John121', 'John121', '66159865', NULL, NULL, NULL, NULL, NULL, NULL, 0, 1),
(40, 'John224', NULL, '$2y$10$LwvbQ3pY5L4jKp/UNyW4EOwDl1ZiX5/8GT901YeN/e7feupnISTY.', 'John224', 'John224', '54879685', NULL, NULL, NULL, NULL, NULL, NULL, 0, 1),
(41, 'Jake21', '', '$2y$10$MyFwgwYuNC5JyavvhTJoIuWXCWdCeCrlBbYdxkvPvCt3wvTjMBMLS', 'Jake21', 'Jake2', '54879685', 'M', '2000-01-01', NULL, 'calavi', 'Benin', 'soudeur', 0, 0),
(42, 'Jake23', '', '$2y$10$jBXdXAGjyijutHUnXziHEuJPqSaxJBXc.UbM2kaiRtwc0v7N.d.3a', 'Jake23', 'Jake2', '54879685', 'M', '2000-01-01', NULL, 'calavi', 'Benin', 'soudeur', 0, 0),
(43, 'John1213', NULL, '$2y$10$gVbKcTg/dSJdnDkoIGTIseB70APN6YbDTPr0owsGkw.47ONdgLfN2', 'John121', 'John121', '66159865', NULL, NULL, NULL, NULL, NULL, NULL, 0, 1),
(44, 'Jake22', '', '$2y$10$PS0IdEVXk/zCdIfIoY87CeIZQVNCPkXZq3RkHkg4u.UUGRFh9.RHu', 'Jake22', 'Jake2', '54879685', 'M', '2000-01-01', NULL, 'calavi', 'Benin', 'soudeur', 0, 0),
(45, 'John313', NULL, '$2y$10$HKxzhUX3zl6SCVYZkpNQJ.Ozr4HdvKRY6uo5jLmEi82DRQLIH2AN6', 'John31', 'John31', '54879685', NULL, NULL, NULL, NULL, NULL, NULL, 0, 1),
(46, 'John312', NULL, '$2y$10$gJzpPDiYtb0gjxscVUD/ROY56aduYPCgqfw9A8eY6qt5Hr9OnHwNm', 'John31', 'John31', '54879685', NULL, NULL, NULL, NULL, NULL, NULL, 0, 1),
(47, 'John322', NULL, '$2y$10$2Xa0RswGF1yGUhNLVyksy.caiRCIFDIgxJxZW4BHkYNkB6uWobyXy', 'John32', 'John32', '54879685', NULL, NULL, NULL, NULL, NULL, NULL, 0, 1),
(48, 'John323', NULL, '$2y$10$Eo0Dx3uFwP4cPq8sIJED.uuZJZHBidMdnQ0oZbh6Z5Xjtik0b7EoW', 'John32', 'John32', '54879685', NULL, NULL, NULL, NULL, NULL, NULL, 0, 1),
(49, 'John321', NULL, '$2y$10$kUvlyL0ck0e..sXRKO/OEeRka2qrw0sx7RkE1ug3gxREDZlSDHx5S', 'John32', 'John32', '54879685', NULL, NULL, NULL, NULL, NULL, NULL, 0, 1),
(50, 'John2211', NULL, '$2y$10$VxhgUjfok/zsczeIGWVPH.KLSJcnR8jyS3FTMUUvtNsBGY7rhZv8O', 'John221', 'John221', '54879685', NULL, NULL, NULL, NULL, NULL, NULL, 0, 1),
(51, 'John111', '', '$2y$10$mASJZHsYCae/nTKSJV9g9.jCh9fLCzWb/Dd/qMav//awgAK9vF/M6', 'John111', 'John111', '54879685', 'M', '0000-00-00', NULL, 'calavi', 'Benin', 'soudeur', 0, 0),
(52, 'John2212', NULL, '$2y$10$4kNc7UzZ5hjvSZaA2tDnZ.wpLYeCCPolMyR99MNf6Qo4n47o0qJF6', 'John221', 'John221', '54879685', NULL, NULL, NULL, NULL, NULL, NULL, 0, 1),
(53, 'John112', '', '$2y$10$1e8Md9fpJrb.1/5DA9yO9eBryLy0pF51igoLO.aKL4Yu.HQM6ITIW', 'John112', 'John112', '54879685', 'M', '0000-00-00', NULL, 'calavi', 'Ghana&#9;', 'soudeur', 0, 0),
(54, 'John2213', NULL, '$2y$10$WdJE4zf5ds2PuUAj6ktVG.jjUD0VU03Tvaa85zKTi2qXjVL1xY8ki', 'John221', 'John221', '54879685', NULL, NULL, NULL, NULL, NULL, NULL, 0, 1),
(55, 'John113', '', '$2y$10$HGiobVFlsGLOpqvmc..zzOPNTCe7eLHwExZhPcLD/OR01MEIkf54G', 'John113', 'John113', '54879685', 'M', '2000-01-01', NULL, 'calavi', 'Benin', 'soudeur', 0, 0),
(56, 'John324', NULL, '$2y$10$WKk9X2SBLfiinFFDxE17Muy16UTrrqfVNBKfTLkE5xLTFknWLtNJW', 'John32', 'John32', '54879685', NULL, NULL, NULL, NULL, NULL, NULL, 0, 1),
(57, 'John131', '', '$2y$10$F8EwF/5vDxQmlailrXEPEu//TvPIBzCr05kaNFXOkIX2Im5aptaq6', 'John131', 'John131', '66159865', 'F', '0000-00-00', NULL, 'calavi', 'Benin', 'soudeur', 0, 0),
(58, 'John132', '', '$2y$10$tjvgC5i8SsxV7ed5dFC5bey8AeH0nYbTGOfFzUQpeH9EdcRPRMfgm', 'John132', 'John132', '66159865', 'M', '2000-01-01', NULL, 'calavi', 'Benin', 'soudeur', 0, 0),
(59, 'John133', '', '$2y$10$IiWbenPfRrr57L/Wl4ZUQeAKkvZUSQE4DXS8y0XZfw4Fiz5idHAYm', 'John133', 'John133', '66159865', 'M', '2000-01-01', NULL, 'calavi', 'Benin', 'soudeur', 0, 0),
(60, 'Riche', '', '$2y$10$eXjjRWAAtpfC/3AOQYC5.uKJhMOhTl3s89XYLUuWa5p6Sm3jdgxOC', 'Riche', 'Riche', '54879685', 'F', '0000-00-00', NULL, 'calavi', 'Benin', 'soudeur', 0, 0),
(61, 'Jean111', '', '$2y$10$wqmhfxBnJ/A71EqrSZU3GOMcyEkz1KYVd9K31UML7JVJ5ced77eNm', 'Jean11', 'Jean11', '54879685', 'M', '0000-00-00', NULL, 'calavi', 'Benin', 'soudeur', 0, 0),
(62, 'Jean112', '', '$2y$10$PYwDPRnbn/ICbqMnLnYWQutUGI9FJmohz0hYLRhfKGeQZEHpSDc2C', 'Jean11', 'Jean11', '54879685', 'M', '0000-00-00', NULL, 'calavi', 'Benin', 'soudeur', 0, 0),
(63, 'Jean113', '', '$2y$10$TYqfMQ8p09VisIkn1OuRduqY/ulDpDb0fwg.nYkM4tAYtVTOcYOBa', 'Jean11', 'Jean11', '54879685', 'M', '0000-00-00', NULL, 'calavi', 'Benin', 'soudeur', 0, 0),
(64, 'Riche1', '', '$2y$10$AbSgB2fsBfyOr8WGfYV4.uqqPCDqoJ1d3QPpWmsJvJzzbqHwkw8fW', 'Riche1', 'Riche1', '54879685', 'M', '2000-01-01', NULL, 'calavi', 'Benin', 'soudeur', 0, 0),
(65, 'Riche2', '', '$2y$10$ZYejzDJ8AlNCGxAqLjlqFe3rZyh/zxDhvfjuW3tz/nZpBA8NZ0N/O', 'Riche2', 'Riche2', '54879685', 'M', '2000-01-01', NULL, 'calavi', 'Benin', 'soudeur', 0, 0),
(66, 'Jean1111', '', '$2y$10$lMCQq4Okf2iE.TL.ZOoTsOaGAc7odbONKokt0JxufmGWAkOyX.pyC', 'Jean111', 'Jean111', '54879685', 'M', '0000-00-00', NULL, 'calavi', 'Benin', 'soudeur', 0, 0),
(67, 'Jean1112', '', '$2y$10$WsuUEryInGgtp7fqMuuzsOeZJ1DuuGRbtxjXgedEbbl4U/WzhD0QG', 'Jean111', 'Jean111', '54879685', 'F', '0000-00-00', NULL, 'calavi', 'Benin', 'soudeur', 0, 0),
(68, 'Jean1113', '', '$2y$10$FXaSOrQ36tCBr0nI84XecOgAeSFZYE6q54S5lauhoVPk8Fw5cqtLK', 'Jean111', 'Jean111', '54879685', 'M', '0000-00-00', NULL, 'calavi', 'Benin', 'soudeur', 0, 0),
(69, 'Aurel1', '', '$2y$10$KwE.Ar0Aufi8OAkmh2es4eR4KCQZTTw3gGxrMCFQxb55o/epEohyi', 'Aurel1', 'Aurel1', '54879685', 'M', '0000-00-00', NULL, 'calavi', 'Benin', 'soudeur', 0, 0),
(70, 'Aline1', '', '$2y$10$kgCVX8uoDrOqWuzKM84wzesXEKlE2OeCRHkDScY42vtImhGhcU.kK', 'Aline1', 'Aline1', '54879685', 'F', '0000-00-00', NULL, 'calavi', 'Benin', 'soudeur', 0, 0),
(71, 'Jean121', NULL, '$2y$10$BLJRRxfbS9hLR3R3ZtLm..wPla8fzjt8QjPsJT30OiqtwHxXMcvH2', 'Jean12', 'Jean12', '54879685', NULL, NULL, NULL, NULL, NULL, NULL, 0, 1),
(72, 'Aurel2', NULL, '$2y$10$50010ukC/.hw4GJ.1gS6tOnRXal9U3QRMEe1hEwyDZR0T9Yh0hOoa', 'Aurel2', 'Aurel2', '54879685', NULL, NULL, NULL, NULL, NULL, NULL, 0, 1),
(73, 'Jean122', NULL, '$2y$10$j4OqOzXJLSi7dU3P5mVcT.PD3q0LBDKAMEqGhdl17Gm/30TiI8TaO', 'Jean12', 'Jean12', '54879685', NULL, NULL, NULL, NULL, NULL, NULL, 0, 1),
(74, 'Jean123', NULL, '$2y$10$AfuFxxGLsxwP2pnEnRlIdOr/FjaaX5KabGub3kfUuyNjOf9y7HaNm', 'Jean12', 'Jean12', '54879685', NULL, NULL, NULL, NULL, NULL, NULL, 0, 1),
(75, 'Aurel3', '', '$2y$10$KYp5Sup4DMqSOX7f7u89T.rNqCWf3ZHZ6VdGiH/OBZmPFsxgLQTGu', 'Aurel3', 'John113', '54879685', 'M', '0000-00-00', NULL, 'calavi', 'Benin', 'soudeur', 0, 0),
(76, 'Aline2', '', '$2y$10$uSIbErx6sx5ngd8yKLVLV.lzw0W7OKwR9vcRJqceeIZRoLildV4JG', 'Aline2', 'Aline2', '54879685', 'F', '0000-00-00', NULL, 'calavi', 'Benin', 'soudeur', 0, 0),
(77, 'Jean131', NULL, '$2y$10$t4UhmG4Ee1N5mF9vx7GCEOHsR8KlmQtKS5lBlmvxsK/O/7HKOns5y', 'Jean13', 'Jean13', '54879685', NULL, NULL, NULL, NULL, NULL, NULL, 0, 1),
(78, 'Jean132', NULL, '$2y$10$uDr4jLXLl2NGCaBaOy6Jk.BFW0eGbeBCciVcWddh7V5ZctHZMLqJq', 'Jean13', 'Jean13', '54879685', NULL, NULL, NULL, NULL, NULL, NULL, 0, 1),
(79, 'Jean133', NULL, '$2y$10$j03LuxzbysIoMERG1Ae33Os/8LfV5gowGF6.qZAab0fqMgzJ65f9C', 'Jean13', 'Jean13', '54879685', NULL, NULL, NULL, NULL, NULL, NULL, 0, 1),
(80, 'Jean1121', NULL, '$2y$10$nUX91T11uX0Ckxihm61i..eyqHCsjUeiCK36XdhZEacz2nyQruAyG', 'Jean112', 'Jean112', '54879685', NULL, NULL, NULL, NULL, NULL, NULL, 0, 1),
(81, 'Jean1122', NULL, '$2y$10$3VJjflN9RP67m2fZypyHhOxJ4TXbrBt0JrQZZZcFb2iNDqu3gZYfC', 'Jean112', 'Jean112', '54879685', NULL, NULL, NULL, NULL, NULL, NULL, 0, 1),
(82, 'Jean1123', NULL, '$2y$10$PNu6WYspVqdI.DLx0koWv.Cs.M8WupkiaFTw0NxRcKNRLZl7.Nv7O', 'Jean112', 'Jean112', '54879685', NULL, NULL, NULL, NULL, NULL, NULL, 0, 1),
(83, 'Aline3', '', '$2y$10$I15mgkLK6ABXot303u4/jehAJHEmB77vcI8c5LvdAygr.AtfP/am2', 'Aline3', 'Aline3', '54879685', 'F', '0000-00-00', NULL, 'calavi', 'Benin', 'soudeur', 0, 0),
(84, 'Jean1131', NULL, '$2y$10$1Z.ftYDW2ZGmw1uEqhs8tu.V./yXbNkrbbazj7S8WU2t943yXiEl2', 'Jean113', 'Jean113', '54879685', NULL, NULL, NULL, NULL, NULL, NULL, 0, 1),
(85, 'Jean1132', NULL, '$2y$10$V8GJ/uJShhUv1xAGIBREaOKiYGMsJDnvWRkZvTsQOqrCoqDS69sme', 'Jean113', 'Jean113', '54879685', NULL, NULL, NULL, NULL, NULL, NULL, 0, 1),
(86, 'Jean1133', NULL, '$2y$10$TJ515ZzQC.ldAQjDdAx.Gu2pxkAXju3dc/ifAKIhF/gId1UZ2ozxK', 'Jean113', 'Jean113', '54879685', NULL, NULL, NULL, NULL, NULL, NULL, 0, 1),
(87, 'Dieu1', '', '$2y$10$OsGL5NmmwwnbXG.0WeXwHOXPzVdQX2MD2/D9Vvy2SHtp/TKTfTgrm', 'Dieu1', 'Dieu1', '66159865', 'M', '0000-00-00', NULL, 'calavi', 'Benin', 'soudeur', 0, 0),
(88, 'Dieu2', NULL, '$2y$10$V.Ov.M7keDYr99a8frixe.3axvH7VRI/FnhLMFfCoNVVrrtDPFwF2', 'Dieu2', 'Dieu2', '66159865', NULL, NULL, NULL, NULL, NULL, NULL, 0, 1),
(89, 'Dieu3', NULL, '$2y$10$Kh7USI3YQHdDjZOOJ0QAd.kgfNZSjh5DookNxUWD/Pl.R0ka75.ta', 'Dieu3', 'Dieu3', '66159865', NULL, NULL, NULL, NULL, NULL, NULL, 0, 1),
(90, 'Aline11', NULL, '$2y$10$5h5GRGt1d5HK7IyPqHdT2uGH1wePFkTt2wzCcas4MeureHnslJPV.', 'Aline11', 'Aline11', '54879685', NULL, NULL, NULL, NULL, NULL, NULL, 0, 1),
(91, 'Aure', NULL, '$2y$10$Pqxaix3wgQBPAFJMjEyiNOfPNJGbrVZ2QxGE8Ir3rDcTdWcxcNqCy', 'Jean1111', 'Jean1111', '54879685', NULL, NULL, NULL, NULL, NULL, NULL, 0, 1),
(92, 'Aline12', NULL, '$2y$10$hoqcMbxKu/5VT7bjdZ7mR.VixB3Ktw3S2k4IILprMdwdEaOoLBBzS', 'Aline12', 'Aline12', '54879685', NULL, NULL, NULL, NULL, NULL, NULL, 0, 1),
(93, 'Aline13', NULL, '$2y$10$he6phKcbTElIluoJ/Lfdv.t4HvceFjhG8K5e5UVD8ZdIsn5D.XHTS', 'Aline13', 'Aline13', '54879685', NULL, NULL, NULL, NULL, NULL, NULL, 0, 1),
(94, 'Aurel', NULL, '$2y$10$AhGBA27CZ0RMmWHFq0m5Muv8Hty/str5Gu/YXzpjJDdEvFwTkpU22', 'Jean1111', 'Jean1111', '54879685', NULL, NULL, NULL, NULL, NULL, NULL, 0, 1),
(95, 'Aurelle', NULL, '$2y$10$FpUiQSY5/h7dMb7hHoYvwe1BLfuo3beKOmnWha9Bg4OFfXJncS3Nq', 'Jean1111', 'Jean1111', '54879685', NULL, NULL, NULL, NULL, NULL, NULL, 0, 1),
(96, 'Aline21', NULL, '$2y$10$5JAYcp1ypVfO0W6CxhgEiOCQy9wjsQ4am2wlTBOYlL2OXi1udiBI6', 'Aline21', 'Aline21', '54879685', NULL, NULL, NULL, NULL, NULL, NULL, 0, 1),
(97, 'Gaston', NULL, '$2y$10$Y3WpVA9zIGsatzA5fV/yfewILkILwIG7apMa.GmslHO8BD.wMV0Xm', 'Gaston', 'John123', '66159865', NULL, NULL, NULL, NULL, NULL, NULL, 0, 1),
(98, 'Aline22', NULL, '$2y$10$x5Ac2xaYKhLHLPQjzKohDu/HY0wh5Xj/SmcwLnhw3sMDeTLVvSx9i', 'Aline22', 'Aline22', '54879685', NULL, NULL, NULL, NULL, NULL, NULL, 0, 1),
(99, 'Aline23', NULL, '$2y$10$sZkMnH4BMGIdOjvfHKeXFeYkcvm.YyA/7Q2lrscQA81bNeCVU.aEW', 'Aline23', 'Aline23', '54879685', NULL, NULL, NULL, NULL, NULL, NULL, 0, 1),
(100, 'Firmin', NULL, '$2y$10$vk/sLh7CXrpmuRSvHMGdtefNyS.PuwSM3g37.TeWL9sF4f3FY3pUO', 'Firmin', 'John123', '66159865', NULL, NULL, NULL, NULL, NULL, NULL, 0, 1),
(101, 'Alle', NULL, '$2y$10$2zVm3x753unOXvRdwe0XHuZJV61GJ7GaCLCpQdOXfpEsyQbYkZvVS', 'Alle', 'John123', '66159865', NULL, NULL, NULL, NULL, NULL, NULL, 0, 1),
(102, 'Dieu11', NULL, '$2y$10$i5HArORuGPmWh/0Z21L71.pwUamcfavUYiawfyGjdFsOnFOj/1uga', 'Dieu11', 'Dieu11', '66159865', NULL, NULL, NULL, NULL, NULL, NULL, 0, 1),
(103, 'Dieu12', NULL, '$2y$10$UNDQtfe1u5aDQ8cecerSVOXdRn0i4M3YGDNj4VOcxHyl7hrJrNzCa', 'Dieu12', 'Dieu12', '66159865', NULL, NULL, NULL, NULL, NULL, NULL, 0, 1),
(104, 'Dieu13', NULL, '$2y$10$1y0zi.i8vTkhWHhwA6CVb.R7fAiJteuyvk9xg2T2yHEsEjf7VKcX.', 'Dieu13', 'Dieu13', '66159865', NULL, NULL, NULL, NULL, NULL, NULL, 0, 1),
(105, 'Line', NULL, '$2y$10$RrKoje0A1LOdmOfvEFh4reJiE4gtOLQEYEYYMqxGg4uoL5tO1RPAq', 'Jean1112', 'Jean1112', '54879685', NULL, NULL, NULL, NULL, NULL, NULL, 0, 1),
(106, 'Diane', NULL, '$2y$10$er06hvEH6wzPJclw0gl67.li1KZMgYQeK/BF3f8DF7xUCf16uH7jm', 'Jean1112', 'Jean1112', '54879685', NULL, NULL, NULL, NULL, NULL, NULL, 0, 1),
(107, 'Doriane', NULL, '$2y$10$19jjsEYLhf6cka4p5mOb.uBDJn.jRf.UK8/cX9/TtcJZ9Bz7Yfabm', 'Jean1112', 'Jean1112', '54879685', NULL, NULL, NULL, NULL, NULL, NULL, 0, 1),
(108, 'Bamm', NULL, '$2y$10$37k2oyBfNZF2VMQEzz5pP.Ytun4zeCpCiKAM3X2OZri4qqGlZ6TWO', 'Bamm', 'John132', '66159865', NULL, NULL, NULL, NULL, NULL, NULL, 0, 1),
(109, 'Tossou', NULL, '$2y$10$PBsaGyTDQ8jDRF70D9WbpOiGDC/4IR9GvPjIuVsKzG8mAsLNulNl.', 'Tossou', 'John132', '66159865', NULL, NULL, NULL, NULL, NULL, NULL, 0, 1),
(110, 'Yaovi', NULL, '$2y$10$WQy4lchgVXwe7cuwskd25e3P1a1NfhIaHNmq.S3Ei0N6d4PS9Po.6', 'Yaovi', 'John132', '66159865', NULL, NULL, NULL, NULL, NULL, NULL, 0, 1),
(111, 'Juste', NULL, '$2y$10$rfUJtHKBYF4dl21StSHc2OIZh93nfdR9ZbYgfuQ7or5Ni65XAUuw.', 'Jean1113', 'Jean1113', '54879685', NULL, NULL, NULL, NULL, NULL, NULL, 0, 1),
(112, 'Flori', NULL, '$2y$10$vUY1F6YUxBk48LBavBZmmekJfZN7tVChf/wcB1ejo6jCids5vAaOW', 'John131', 'John131', '66159865', NULL, NULL, NULL, NULL, NULL, NULL, 0, 1),
(113, 'Jules', NULL, '$2y$10$RQUteR.dOlfXe/RV236nH.8RIzuh54gc6yBKbktisvhkjLQO9XkQ2', 'Jean1113', 'Jean1113', '54879685', NULL, NULL, NULL, NULL, NULL, NULL, 0, 1),
(114, 'Julien', NULL, '$2y$10$KqsJd0XuBHcbrRgaoeqsN.M841EXiBzWQMqfe0pU.irsmKLwy57Ym', 'Jean1113', 'Jean1113', '54879685', NULL, NULL, NULL, NULL, NULL, NULL, 0, 1),
(115, 'Flori1', NULL, '$2y$10$ARBwaEhtYe2bInmT34FtbuYy/ukyG2zqdwhba3YJ3DPCac3qVsiOe', 'Flori1', 'John131', '66159865', NULL, NULL, NULL, NULL, NULL, NULL, 0, 1),
(116, 'John131kedisa', NULL, '$2y$10$Fsep8gH.64RL.SO8bEscWe0UFywiOg7MKqJDpLbq4TXGC77Kkej3a', 'Kedisa', 'John131', '66159865', NULL, NULL, NULL, NULL, NULL, NULL, 0, 1),
(117, 'Jean21', '', '$2y$10$PfLOA8XreRDlyUlxS50N7OgJqhaDXUfsApW1jUT8sT3zp6Q6pFtqW', 'Jean2', 'Jean2', '54879685', 'M', '0000-00-00', NULL, 'calavi', 'Benin', 'soudeur', 0, 0),
(118, 'Jean22', NULL, '$2y$10$SQVJn.x5q4kHLAca5h7ATu5JIEE.ztrp79td/hWIxOPEjRw1OVUsi', 'Jean2', 'Jean2', '54879685', NULL, NULL, NULL, NULL, NULL, NULL, 0, 1),
(119, 'Jean23', NULL, '$2y$10$7Nc8L6IkFQU2vfPUe6PjBeYO0BpS.oY738ki4D4jrIV4yYe2OYF32', 'Jean2', 'Jean2', '54879685', NULL, NULL, NULL, NULL, NULL, NULL, 0, 1),
(120, 'Fofo', NULL, '$2y$10$wpAWzYTOrms22kLc.v9cZuCACWNVY4cPqaAmpHUGo9CU11CcpQ3Pi', 'Fofo', 'John133', '66159865', NULL, NULL, NULL, NULL, NULL, NULL, 0, 1),
(121, 'Didier', NULL, '$2y$10$jscjaGdhYb51R6HQ//ibj.80Vzo70/oaxOXerVphyAurFyZ7WZa52', 'Didier', 'John133', '66159865', NULL, NULL, NULL, NULL, NULL, NULL, 0, 1),
(122, 'Jean31', '', '$2y$10$Vm0weehvUVH3ZlRHvU0lYO9MMTQvaEPJXf97Is3DkGoKagQWPQUb.', 'Jean3', 'Jean3', '54879685', 'M', '0000-00-00', NULL, 'calavi', 'Benin', 'soudeur', 0, 0),
(123, 'lolo', NULL, '$2y$10$7jY9Dl1rz34Z.NKMMrb6.uQ8c8gMV2LaTalYoS3W9R./KrAButH.2', 'lolo', 'John133', '66159865', NULL, NULL, NULL, NULL, NULL, NULL, 0, 1),
(124, 'Jean32', '', '$2y$10$4RJE5cAYcB4G7C5eQFrxX.eMUBAA9toPmYjjvccdMwgqgQheCMxfO', 'Jean3', 'Jean3', '54879685', 'M', '0000-00-00', NULL, 'calavi', 'Benin', 'soudeur', 0, 0),
(125, 'Jean33', '', '$2y$10$RJa0tlqlivdXBPtzTXfSeuhysX1f0HCDpRjM6Ylnr2MJZZ514Hmae', 'Jean3', 'Jean3', '54879685', 'M', '0000-00-00', NULL, 'calavi', 'Benin', 'soudeur', 0, 0),
(126, 'Jean211', '', '$2y$10$WseHRMtQ48v6ENatQaDebuH.gk0WoO/aly9MFRSWcbWLEkpLQeTUO', 'Jean21', 'Jean21', '54879685', 'M', '0000-00-00', NULL, 'calavi', 'Benin', 'soudeur', 0, 0),
(127, 'Jean212', '', '$2y$10$DgNS.M1FS/qm/vuod7fMYO4m2l2UE2CRax8N5FF5NXP1V7NhX9jmW', 'Jean21', 'Jean21', '54879685', 'M', '0000-00-00', NULL, 'calavi', 'Benin', 'soudeur', 0, 0),
(128, 'Jean213', '', '$2y$10$xr7HQEM207KJoTN3WbUXEusA2/iONO3QRcUrmQHk0VGgHS09w5RqS', 'Jean21', 'Jean21', '54879685', 'M', '0000-00-00', NULL, 'calavi', 'Benin', 'soudeur', 0, 0),
(129, 'Jean311', NULL, '$2y$10$zcUgc77OIYJ19pUUCdqpMeW/F.NGWl8NtClU9vnhKEGXv.UfHbNeW', 'Jean31', 'Jean31', '54879685', NULL, NULL, NULL, NULL, NULL, NULL, 0, 1),
(130, 'Kare', NULL, '$2y$10$bI6AD4v.IoyZcK1GKzG2M.Qe2YnxJGDb5bKmNrPDTBZ9xlPfPY.D2', 'Kare', 'Riche1', '54879685', NULL, NULL, NULL, NULL, NULL, NULL, 0, 1),
(131, 'Jean312', NULL, '$2y$10$4vDIfyZ1Dhb7T2u67D.k7eVzocW3lNykhySWSBLGbC3EKvoZPSn7m', 'Jean31', 'Jean31', '54879685', NULL, NULL, NULL, NULL, NULL, NULL, 0, 1),
(132, 'Jean313', NULL, '$2y$10$HHks7vZGtcGYBHexy3cb5OlyvPc1u8uZezehrwt6HCl8fKbwcrfkC', 'Jean31', 'Jean31', '54879685', NULL, NULL, NULL, NULL, NULL, NULL, 0, 1),
(133, 'Gaze', NULL, '$2y$10$bJNqvBrhaAw/Y4LVYtqdWOYi6oFSlo8Nu4JCcrKzc4EOC9mFJPXca', 'Gaze', 'Riche1', '54879685', NULL, NULL, NULL, NULL, NULL, NULL, 0, 1),
(134, 'mama', NULL, '$2y$10$n/t.mcGeNJaw7SyRxBsTbusHminFPIrXcjXdPRxT99bvBGMtpzUrS', 'mama', 'Riche1', '54879685', NULL, NULL, NULL, NULL, NULL, NULL, 0, 1),
(135, 'Jean2111', NULL, '$2y$10$TKBMUR/KSYWN5Rc/eg.c/uIeHND4MAtEpyu7Nu35o.GbTBedEdI82', 'Jean211', 'Jean211', '54879685', NULL, NULL, NULL, NULL, NULL, NULL, 0, 1),
(136, 'Jean2112', NULL, '$2y$10$AuPTl/MBPzVi0N4pXTVzx.5DOepMrSRHn9Va4mXcx3zXACO7AQDhi', 'Jean211', 'Jean211', '54879685', NULL, NULL, NULL, NULL, NULL, NULL, 0, 1),
(137, 'Jean2113', NULL, '$2y$10$ivTubUUM6X9mtEmpymhR/.gVyJJoMCYS7MeO.Lws3S.8rlXr8ART.', 'Jean211', 'Jean211', '54879685', NULL, NULL, NULL, NULL, NULL, NULL, 0, 1),
(138, 'Jean2121', NULL, '$2y$10$I5VcUUROhwRU9ycs2Mos3.RbOflMk8rkiA6mRjG0lKiFNo6Z6kI/u', 'Jean212', 'Jean212', '54879685', NULL, NULL, NULL, NULL, NULL, NULL, 0, 1),
(139, 'Jean2122', NULL, '$2y$10$p0O1n5rkz8r9lyWiUFtaguU6Z7tg85ttYeTNNAHjprmemlR3Bh/32', 'Jean212', 'Jean212', '54879685', NULL, NULL, NULL, NULL, NULL, NULL, 0, 1),
(140, 'Jean2123', NULL, '$2y$10$JgvIAUXHK7mb1IkeAvDJFeKDWRNHjYDOUlRa1XtjAk3d1.yFXkf6W', 'Jean212', 'Jean212', '54879685', NULL, NULL, NULL, NULL, NULL, NULL, 0, 1),
(141, 'Jacob', NULL, '$2y$10$NglLr.qkFVHGwIdv8lsd/OLbweqlYST25prOMxcNLEArsFRBbdn8y', 'Jacob', 'Riche2', '54879685', NULL, NULL, NULL, NULL, NULL, NULL, 0, 1),
(142, 'Jeune', NULL, '$2y$10$R5sATLqanLiZJKcF3Ywmcuzzx0ytm0wu4i6OoL7hYu/NDyOLoz5Ea', 'Jeune', 'Riche2', '54879685', NULL, NULL, NULL, NULL, NULL, NULL, 0, 1),
(143, 'lale', NULL, '$2y$10$pBU0icSMU2EYKobk.W8llepvkNnT0Iaj7kkUq1thdxaOOYTwnARyu', 'lale', 'Riche2', '54879685', NULL, NULL, NULL, NULL, NULL, NULL, 0, 1),
(144, 'Cacat', NULL, '$2y$10$xwcxwO/W1Z4FpPwM3oF3Regz0auviwmXXB4IE2/G60E9JTR6eAuHS', 'Cacat', 'Riche', '54879685', NULL, NULL, NULL, NULL, NULL, NULL, 0, 1),
(145, 'Cacat1', NULL, '$2y$10$vgxSTs7CXiqWUZq048q/E.u2AtGgRXqARWt1cITUnQuLDtrtBpAsW', 'Cacat1', 'Riche', '54879685', NULL, NULL, NULL, NULL, NULL, NULL, 0, 1),
(146, 'Cacat2', NULL, '$2y$10$j7MPVw2kdShtvgj7LBpxiOTPnIrKeyBw.a.Bd.vro0ufOcjqGIb/O', 'Cacat2', 'Riche', '54879685', NULL, NULL, NULL, NULL, NULL, NULL, 0, 1),
(147, 'Jean2131', NULL, '$2y$10$ByYpCcM2JzrjjUtAFAsH0.Vr6CqTQm37o3VJpd8WnOA1vwR9MSDMq', 'Jean213', 'Jean213', '54879685', NULL, NULL, NULL, NULL, NULL, NULL, 0, 1),
(148, 'Jean2132', NULL, '$2y$10$Jl0YvO.c6pCayNBNH7S7TuklHwSfFfU5We3eqVX7sqfZMHqja0JU.', 'Jean213', 'Jean213', '54879685', NULL, NULL, NULL, NULL, NULL, NULL, 0, 1),
(149, 'Jean2133', NULL, '$2y$10$9Az2tH/CAj.qqgG1amV22OnXFTMMGHGnirmiN7h5vahPzPrvOzMPe', 'Jean213', 'Jean213', '54879685', NULL, NULL, NULL, NULL, NULL, NULL, 0, 1),
(150, 'Aline31', NULL, '$2y$10$VBdiT4rUgknsiCL7qQmJ/eC7OA.MkPfpo6xpAj.IyU23M.Nsbb20S', 'Aline31', 'Aline3', '54879685', NULL, NULL, NULL, NULL, NULL, NULL, 0, 1),
(151, 'Aline32', NULL, '$2y$10$JWUNbpRpFkbfF0G431n9Euq5zdLcHbq28u2WJdAzyf1ReJGjphQDS', 'Aline32', 'Aline3', '54879685', NULL, NULL, NULL, NULL, NULL, NULL, 0, 1),
(152, 'Aline33', NULL, '$2y$10$I5Ywl6UB9mwJVoOtPf2ZVufKrcEbhMjD0YRhigUbVTQtY3sW9i1UC', 'Aline33', 'Aline3', '54879685', NULL, NULL, NULL, NULL, NULL, NULL, 0, 1),
(153, 'Aurel11', NULL, '$2y$10$WEChUG9RjGyvGhlhE1vqIemaW5GajBIySeF6uFafmPUZte7yLXX.u', 'Aurel11', 'Aurel1', '54879685', NULL, NULL, NULL, NULL, NULL, NULL, 0, 1),
(154, 'Aurel12', NULL, '$2y$10$WyF1kgRIWRC8hfjhZKv8Ee0RpQAWDckNBtABu403LbxzII82i69z2', 'Aurel12', 'Aurel1', '54879685', NULL, NULL, NULL, NULL, NULL, NULL, 0, 1),
(155, 'Aurel13', NULL, '$2y$10$gVWXz6ZHUN.9YcegSI4.r.0YSzxrl6EbF2KhHvavqJ1YNQCeniilm', 'Aurel13', 'Aurel1', '54879685', NULL, NULL, NULL, NULL, NULL, NULL, 0, 1),
(156, 'Aurel31', NULL, '$2y$10$4V6YXThklQKtJ/nnmI5Lb.HKKM07xIYK0cbHyJBQx1SUUTQ0I3GJq', 'Aurel31', 'Aurel3', '54879685', NULL, NULL, NULL, NULL, NULL, NULL, 0, 1),
(157, 'Aurel32', NULL, '$2y$10$/HK4oW8c0XjTz7.dPAVJr.np/XYw6WjXQCGa.uRxqq1Df8AJINWt2', 'Aurel32', 'Aurel3', '54879685', NULL, NULL, NULL, NULL, NULL, NULL, 0, 1),
(158, 'Jean321', '', '$2y$10$wkRDwT5./.f2BEeGdcMJUuXlB.idWiBMm.engnvG6IIM8HwODpN6u', 'Jean32', 'Jean32', '54879685', 'M', '0000-00-00', NULL, 'calavi', 'Benin', 'soudeur', 0, 0),
(159, 'Aurel33', NULL, '$2y$10$lqAew7adhl278UU.8PySaeFK60wyiFhlTG.Rh.5PlyTOykQcG3eNC', 'Aurel33', 'Aurel3', '54879685', NULL, NULL, NULL, NULL, NULL, NULL, 0, 1),
(160, 'Jean322', NULL, '$2y$10$q8QhMe5Rf0fhjPy/COi/xOfDbeIhqLp/45xBOeC9OX6L.EISjiJNW', 'Jean32', 'Jean32', '54879685', NULL, NULL, NULL, NULL, NULL, NULL, 0, 1),
(161, 'Jean323', NULL, '$2y$10$W./W/s0rvWsmM1dvb6FXpuwpOSg6C2xsTg8vGdh7jmQ62qylSji7S', 'Jean32', 'Jean32', '54879685', NULL, NULL, NULL, NULL, NULL, NULL, 0, 1),
(162, 'Jean331', NULL, '$2y$10$wSATxk.lm8Od1ns9n9r5ju.KWlLwJ398xMgSpisxBgkBFykpRddF2', 'Jean33', 'Jean33', '54879685', NULL, NULL, NULL, NULL, NULL, NULL, 0, 1),
(163, 'Jean332', NULL, '$2y$10$wE1rvHVvQp4nVgKHdxpkGuOyCywRfL7wGhln/96.Vt1s1PSlH45iy', 'Jean33', 'Jean33', '54879685', NULL, NULL, NULL, NULL, NULL, NULL, 0, 1),
(164, 'Jean333', NULL, '$2y$10$2.vtC9K.ZPNh/gE/BTqEoOzTAhQeXHlEH3ZplzO4ck7N93PImRr9q', 'Jean33', 'Jean33', '54879685', NULL, NULL, NULL, NULL, NULL, NULL, 0, 1),
(165, 'Jean3211', NULL, '$2y$10$HzNEIX0mfqXH2ruIu7l0muoXeISACx6KHF5I1qOES9OT1/WkrN3Na', 'Jean321', 'Jean321', '54879685', NULL, NULL, NULL, NULL, NULL, NULL, 0, 1),
(166, 'Jean3212', NULL, '$2y$10$rUTwNlcmMuKQmhUMThyks.97v5APMdQ5fobC5nOb/isgriTDME8Ni', 'Jean321', 'Jean321', '54879685', NULL, NULL, NULL, NULL, NULL, NULL, 0, 1),
(167, 'Jean3213', NULL, '$2y$10$OW.0XpJKUxWNikOzgwn.se4Sv52kPPa70KmI7ZV4nvyVfdzotf3xO', 'Jean321', 'Jean321', '54879685', NULL, NULL, NULL, NULL, NULL, NULL, 0, 1),
(168, 'Jake111', '', '$2y$10$9F6XbePMaJK0vzmP6GZyduopvTClrFV8z3bNb0mXgEj73A7TuIt02', 'Jake111', 'Jake11', '54879685', 'M', '2000-01-01', NULL, 'calavi', 'Benin', 'soudeur', 0, 0),
(169, 'Jake112', '', '$2y$10$C0kGldxFLLDd/LmVlCcFxeb/aUzvCJgHNTgFllGxfx8CDGKIt5TXi', 'Jake112', 'Jake11', '54879685', 'M', '2000-01-01', NULL, 'calavi', 'Benin', 'soudeur', 0, 0),
(170, 'Jake113', '', '$2y$10$tEj7HBzhwJaU.R098DWFlOArfB4LIG/Vyi0uQV/6Ecj5AUU6AW3aS', 'Jake113', 'Jake11', '54879685', 'M', '2000-01-01', NULL, 'calavi', 'Benin', 'soudeur', 0, 0),
(171, 'Jake121', '', '$2y$10$m5ueYiUUPYwMH8MbEV1TS.WUBoa7nWcRfPTHNrb1tsSWbXzdGq1le', 'Jake121', 'Jake12', '54879685', 'M', '2000-01-01', NULL, 'calavi', 'Benin', 'soudeur', 0, 0),
(172, 'Jake122', '', '$2y$10$yqpHhj/A9zCGzvLdjHz66eK4zgdj984q6/fay10iv4NqXZgNsFB5S', 'Jake122', 'Jake12', '54879685', 'M', '2000-01-01', NULL, 'calavi', 'Benin', 'soudeur', 0, 0),
(173, 'Jake123', '', '$2y$10$KPnHXml5DCwLUVep51S0meT.NRO5Acu20.ISRgcKQcS.owT/s7oOO', 'Jake123', 'Jake12', '54879685', 'M', '2000-01-01', NULL, 'calavi', 'Benin', 'soudeur', 0, 0),
(174, 'Jake131', '', '$2y$10$/vDMAHdzPgaDnxB9T12J2OHEVYPpzU0N7/IAwjIylZbwVPyMI1sIu', 'Jake131', 'Jake13', '54879685', 'M', '2000-01-01', NULL, 'calavi', 'Benin', 'soudeur', 0, 0),
(175, 'Jake132', '', '$2y$10$fiBko9V8yHh/jJLKE1CDDOq9azy0ENHTqnPBaRiQ4WzA5NEohZ8QC', 'Jake132', 'Jake13', '54879685', 'M', '2000-01-01', NULL, 'calavi', 'Benin', 'soudeur', 0, 0),
(176, 'Jake133', '', '$2y$10$BOGESuYhLjIXuR9DiRdTp..V52xcHvX5FUkzqC5q/SmHVohF57uwe', 'Jake133', 'Jake13', '54879685', 'M', '2000-01-01', NULL, 'calavi', 'Benin', 'soudeur', 0, 0),
(177, 'elle', NULL, '$2y$10$fdRneWK4vG56bD1yfN88M.m3ABhGbLi8nubhtsY6VU3iuJ50sUm/q', 'elle', 'Jake111', '54879685', NULL, NULL, NULL, NULL, NULL, NULL, 0, 1),
(178, 'mire', NULL, '$2y$10$NgZ0Ov1zoUuXJMx4cgQdnOqkUYpodVGwH7vmHHuVq/riPO9BCI7Fq', 'mire', 'Jake111', '54879685', NULL, NULL, NULL, NULL, NULL, NULL, 0, 1),
(179, 'joel', NULL, '$2y$10$70A0TQGrJYbbBuseKZQXzOYYBSw4u80OFAn3BsVn/UiSXI4CD19Oi', 'joel', 'Jake111', '54879685', NULL, NULL, NULL, NULL, NULL, NULL, 0, 1),
(180, 'bella', NULL, '$2y$10$SuQQJPOxzqn/qrRZbvYa7e56CNE5/XPHHBpe5YHLHbifrjaOBJtzi', 'bella', 'Jake112', '54879685', NULL, NULL, NULL, NULL, NULL, NULL, 0, 1),
(181, 'brice', NULL, '$2y$10$.TmYJMipiMUbkNELQWYzruVeDZIpyYYfbVfoSBRm2dxkJL35BvbYy', 'brice', 'Jake112', '54879685', NULL, NULL, NULL, NULL, NULL, NULL, 0, 1),
(182, 'alpha', NULL, '$2y$10$Ac9gKV3.nZWrPsdN1I8jt.yKVwJQkoHTxiNVll6RLLGUWt2UpIcCy', 'alpha', 'Jake112', '54879685', NULL, NULL, NULL, NULL, NULL, NULL, 0, 1),
(183, 'falonne', NULL, '$2y$10$SqjEuhone6FXL32KAgq3tuZwENSlVOh0LOTSOjGjYp09AvyXbAWkm', 'falonne', 'Jake113', '54879685', NULL, NULL, NULL, NULL, NULL, NULL, 0, 1),
(184, 'lare', NULL, '$2y$10$izhRSLmDQkQ4uwUFal2l3u8Heg.JXiiAeVtdlCk7d7xlYJUpVohEe', 'lare', 'Jake113', '54879685', NULL, NULL, NULL, NULL, NULL, NULL, 0, 1),
(185, 'gasti', NULL, '$2y$10$jSMTkRu4pyzak6/95wd6bOXbgsZGAPnqv332W9aw9BdSFgxQ0f9mu', 'gasti', 'Jake113', '54879685', NULL, NULL, NULL, NULL, NULL, NULL, 0, 1),
(186, 'Elire', NULL, '$2y$10$iATunwsQ0CcCYimGnFbiSumCq.b7mheJErSFNaUADLdB8TV0rCPpS', 'Elire', 'Jake121', '54879685', NULL, NULL, NULL, NULL, NULL, NULL, 0, 1),
(187, 'Roly', NULL, '$2y$10$8DlGhTyiKRtidcXMPavnqOM/owWfDlY8gDXLEnKyDa3UsH8g2OEH6', 'Roly', 'Jake121', '54879685', NULL, NULL, NULL, NULL, NULL, NULL, 0, 1),
(188, 'Fadil', NULL, '$2y$10$it6yr/INM6KUCHd61T4/Ou.Tw6c5.D5h8wp0eIg3xxMDiVvColVK.', 'Fadil', 'Jake121', '54879685', NULL, NULL, NULL, NULL, NULL, NULL, 0, 1),
(189, 'Kari', NULL, '$2y$10$BZmHcWySCJhpvRYBUFVSouovlZG4FcDXosBKGxRcbVdivc.jl4sDS', 'Kari', 'Jake122', '54879685', NULL, NULL, NULL, NULL, NULL, NULL, 0, 1),
(190, 'Franck', NULL, '$2y$10$.2rxwd4taUTIO45ZaRWsLOimMJ8Aq77go.9e/qESPoP5b1m8lo222', 'Franck', 'Jake122', '54879685', NULL, NULL, NULL, NULL, NULL, NULL, 0, 1),
(191, 'Tossi', NULL, '$2y$10$e/qdbFldCtReYVW1ahqOQuJhAhD4tpqKfABiDTM8I.qaDUDAHVI0i', 'Tossi', 'Jake122', '54879685', NULL, NULL, NULL, NULL, NULL, NULL, 0, 1),
(192, 'Prince', NULL, '$2y$10$NkhnNLnDITE3cFjGxJ6BwOYTojExQKa19veF3dUCXcNbb.lypZLZ2', 'Prince', 'Jake123', '54879685', NULL, NULL, NULL, NULL, NULL, NULL, 0, 1),
(193, 'Karice', NULL, '$2y$10$oz2LgYpDGDQuILVKBQuNgeRwogQertOLhd10g1/VvX0btu1B1JG32', 'Karice', 'Jake123', '54879685', NULL, NULL, NULL, NULL, NULL, NULL, 0, 1),
(194, 'Valine', NULL, '$2y$10$81lII3gQ94y1Hq8S/4Ovm.Xde/tQqAUAxvrcP1CH60QM.gvePn2Sa', 'Valine', 'Jake123', '54879685', NULL, NULL, NULL, NULL, NULL, NULL, 0, 1),
(195, 'laura', '', '$2y$10$OH2v7kM4xL9HaI9CkdgTiOUyrIC3vxonMtT8BX6lDcfmE4pAhrx2q', 'laura', 'Jake3', '54879685', 'F', '2000-01-01', NULL, 'calavi', 'Benin', 'soudeur', 0, 0),
(196, 'flao', '', '$2y$10$0kETbYWkpoeWkj.mu5i.Ou1JR5RgwgC8hG0cWGag5fnahU7bsNn8.', 'flao', 'Jake3', '54879685', 'F', '2000-01-01', NULL, 'calavi', 'Benin', 'soudeur', 0, 0),
(197, 'lionel', '', '$2y$10$Pc6KaPYs9Nvc3DGOiL5pm.7ll9.CqX.8Y6I01OF3oG2QmzYaRZQYe', 'lionel', 'Jake3', '54879685', 'M', '2000-01-01', NULL, 'calavi', 'Benin', 'soudeur', 0, 0),
(198, 'Jake211', '', '$2y$10$LR91rqNxGfVBkfTGZI6nauq7jJVy76mNlSzF0NYtS1RunVf8No9wu', 'Jake211', 'Jake21', '54879685', 'M', '2000-01-01', NULL, 'calavi', 'Benin', 'soudeur', 0, 0),
(199, 'Jake212', '', '$2y$10$phiJGTMZbOFQ07s5Y9c8t.bRxoRnwOHXLgT2nZoho0jZNwtp2BCeS', 'Jake212', 'Jake21', '54879685', 'F', '2000-01-01', NULL, 'calavi', 'Benin', 'soudeur', 0, 0),
(200, 'Jake213', '', '$2y$10$T5C.5eNlN0/4NjSpgz6.jeOyNxTaVHLUHMzTCay2.T2jm.yKztFZO', 'Jake213', 'Jake21', '54879685', 'M', '2000-01-01', NULL, 'calavi', 'Benin', 'soudeur', 0, 0),
(201, 'Jake231', '', '$2y$10$ARRMGhQH0RxXe2Sya8afxersFQJGTLZMqFmdV7xtcBvLZTbw3BXGu', 'Jake231', 'Jake23', '54879685', 'M', '2000-01-01', NULL, 'calavi', 'Benin', 'soudeur', 0, 0),
(202, 'Jake232', '', '$2y$10$9THIt4U0QeWcIeGefMgMOOBiax.PpQAMrkq6s.r9ItPAUuVVHV11K', 'Jake232', 'Jake23', '54879685', 'M', '2000-01-01', NULL, 'calavi', 'Benin', 'soudeur', 0, 0),
(203, 'Jake233', '', '$2y$10$Gzmu/AR7KVJl66x8dUJgNu76k4aTmNMYc1VIldZsFyJhrD5rqCGDe', 'Jake233', 'Jake23', '54879685', 'M', '2000-01-01', NULL, 'calavi', 'Benin', 'soudeur', 0, 0),
(204, 'Jake221', '', '$2y$10$3u4n1MFtTPKs2s8d8.2eIO/7GvClfjdQWEDGtWY5HNo.V20NoU8T2', 'Jake221', 'Jake22', '54879685', 'F', '2000-01-01', NULL, 'calavi', 'Benin', 'soudeur', 0, 0),
(205, 'Jake222', '', '$2y$10$rmr4qkmRmKzRS7VH0rsQzOcWRH/boemAArXD11TuoenKnV/eAfdyO', 'Jake222', 'Jake22', '54879685', 'M', '2000-01-01', NULL, 'calavi', 'Benin', 'soudeur', 0, 0),
(206, 'Jake223', '', '$2y$10$EZ3qgbSBxxjrTLjZFdg6ZezpsJJu2K1s9EX.8ir3H/bGQMWfNoTye', 'Jake223', 'Jake22', '54879685', 'M', '2000-01-01', NULL, 'calavi', 'Benin', 'soudeur', 0, 0),
(207, 'laura1', '', '$2y$10$RwXCTbQRURmXwhoOvSvk7esAzUtRMuhHcZrtqKYRrzrUdm91G8qeS', 'laura1', 'laura', '54879685', 'F', '2000-01-01', NULL, 'calavi', 'Benin', 'soudeur', 0, 0),
(208, 'laura2', '', '$2y$10$PmUsGGBBT0/QMKYTw.MBz.uifM6vE7MKAV3UNAM/cR5O5eax/9nTW', 'laura2', 'laura', '54879685', 'M', '2000-01-01', NULL, 'calavi', 'Benin', 'soudeur', 0, 0),
(209, 'laura3', '', '$2y$10$2eG/5YagIT2lXfNIyWSjQekUcF3iimvKZuIdkqpVIIL9SoQykjyqO', 'laura3', 'laura', '54879685', 'M', '2000-01-01', NULL, 'calavi', 'Benin', 'soudeur', 0, 0),
(210, 'flao1', '', '$2y$10$Heoi4h426IEGSBkHHWzsKeQX4O7oacYWFFsgEHU2egrIPq66Efrse', 'flao1', 'flao', '54879685', 'M', '2000-01-01', NULL, 'calavi', 'Benin', 'soudeur', 0, 0),
(211, 'flao2', '', '$2y$10$3RHV1IbFQqDOaZG23UjlPuQSKJlXYjmd5.EQZVm1IjjfNm984l1Ry', 'flao2', 'flao', '54879685', 'M', '2000-01-01', NULL, 'calavi', 'Benin', 'soudeur', 0, 0),
(212, 'flao3', '', '$2y$10$b5kIM.f3Q0oTzOh5nbYFbefz65tcqQV7b1K0EzB4FnoNTXSwbWKb2', 'flao3', 'flao', '54879685', 'M', '2000-01-01', NULL, 'calavi', 'Benin', 'soudeur', 0, 0),
(213, 'lionel1', '', '$2y$10$2CP67b4Yt4wcPv3Gc0ujSO7nTKc1Z2XBmoagLPm24IbdiidLw96/K', 'lionel1', 'lionel', '54879685', 'M', '2000-01-01', NULL, 'calavi', 'Benin', 'soudeur', 0, 0),
(214, 'lionel2', '', '$2y$10$.CCRmjgJdDRABUYKUiTJ4eW2r5tTUirH9LTOO637UFD4W9l0gRfQa', 'lionel2', 'lionel', '54879685', 'M', '2000-01-01', NULL, 'calavi', 'Benin', 'soudeur', 0, 0),
(215, 'lionel3', '', '$2y$10$0kNTvyS1VRGicASCka.NveLx41AhbvZf2qA0PppiNDzKqFWJFh9XC', 'lionel3', 'lionel', '54879685', 'M', '2000-01-01', NULL, 'calavi', 'Benin', 'soudeur', 0, 0),
(216, 'labre', '', '$2y$10$rzxmA4L7kEjMS3yeILn3ZO2QcvkQeq2Sq9OD7ci84nV9QW9DWHXri', 'labre', 'Jake211', '54879685', 'M', '2000-01-01', NULL, 'calavi', 'Benin', 'soudeur', 0, 0),
(217, 'tonton', '', '$2y$10$d3xx530Y1FtFO7lvzdx6DOemV322hFjnGl3R.8cwkUICZkJ5rIl2y', 'tonton', 'Jake211', '54879685', 'M', '2000-01-01', NULL, 'calavi', 'Benin', 'soudeur', 0, 0),
(218, 'tata', '', '$2y$10$zBQGfkTNqappUTnusgbfve48IGOzwrdwwmpwtOgN8KeyYPe6Zoqdu', 'tata', 'Jake211', '54879685', 'F', '2000-01-01', NULL, 'calavi', 'Benin', 'soudeur', 0, 0),
(219, 'firmon', '', '$2y$10$D30pU5/V8OMfW./4kYjfh.EExi42qhlakYJjTgMVQqmG8cvL8i3C.', 'firmon', 'Jake212', '54879685', 'M', '2000-01-01', NULL, 'calavi', 'Benin', 'soudeur', 0, 0),
(220, 'clara', '', '$2y$10$T9bCMgyzKb.sEQfml89Fh.xoCawhYmFAp0Men8CpOnDezk.LMICMW', 'clara', 'Jake212', '54879685', 'M', '2000-01-01', NULL, 'calavi', 'Benin', 'soudeur', 0, 0),
(221, 'dansa', '', '$2y$10$Or1L5ZlccaXDrUqwMqECsu7xaXNakLxwtQLmjK3eTGr91VxRHyeui', 'dansa', 'Jake212', '54879685', 'M', '2000-01-01', NULL, 'calavi', 'Benin', 'soudeur', 0, 0),
(222, 'papa', '', '$2y$10$5Wqu18R36RdJF32Zqz5xie3GnO/sVsGlxFH9tJ7uzpWS8jWGxpM7u', 'papa', 'Jake213', '54879685', 'M', '2000-01-01', NULL, 'calavi', 'Benin', 'soudeur', 0, 0),
(223, 'nelly', '', '$2y$10$iE0wni14MNt8Sr73CSTQJ.1ZkaZTW.0f8iD/tLCGR0fVNdFpYNPou', 'nelly', 'Jake213', '54879685', 'M', '2000-01-01', NULL, 'calavi', 'Benin', 'soudeur', 0, 0),
(224, 'nella', '', '$2y$10$qJyHtWCZ04dxwMFAkGGz9u6QcvXyFweG5qKYN0udzj8gQfVePPgCG', 'nella', 'Jake213', '54879685', 'M', '2000-01-01', NULL, 'calavi', 'Benin', 'soudeur', 0, 0),
(225, 'labre1', NULL, '$2y$10$hODEJoAxYn3HMyalTGVcDeybH6snNjkIa7Bcxo2jHGJYM.BiFw7L6', 'labre1', 'labre', '54879685', NULL, NULL, NULL, NULL, NULL, NULL, 0, 1),
(226, 'labre2', NULL, '$2y$10$4rzFEPX6vSYAAEuJPfTVYOdCRP0hIKZOjIlV3/pWOz1Zbw7cVT6lq', 'labre2', 'labre', '54879685', NULL, NULL, NULL, NULL, NULL, NULL, 0, 1),
(227, 'labre3', NULL, '$2y$10$0vFWZTerWBNti0Zki6boBO4Ca/S/6bx5wZaOJ4sYGBw2QL5ghcW6q', 'labre3', 'labre', '54879685', NULL, NULL, NULL, NULL, NULL, NULL, 0, 1),
(228, 'tonton1', NULL, '$2y$10$Qj2R3htRWs4.fkUKUM/2Bu5vhs1gDa9eAh/PLXtbvCP1xl6KSw4IO', 'tonton1', 'tonton', '54879685', NULL, NULL, NULL, NULL, NULL, NULL, 0, 1),
(229, 'tonton2', NULL, '$2y$10$l861.t3nwN3pbmDrM9FsTOaiCxRfgl8eCjH05/HBz9y2Ub07kYkIS', 'tonton2', 'tonton', '54879685', NULL, NULL, NULL, NULL, NULL, NULL, 0, 1),
(230, 'tonton3', NULL, '$2y$10$P53UVEYRLzi4wbwR3aDYDu3XQH9e3NlJeaYL4ELOoyxj2.pVWZFdu', 'tonton3', 'tonton', '54879685', NULL, NULL, NULL, NULL, NULL, NULL, 0, 1),
(231, 'tata1', NULL, '$2y$10$FFWq1aeaD78U0.qKGYb24OCNe1MRZGWvLzCGxbUZPuBvsvhDi6lkS', 'tata1', 'tata', '54879685', NULL, NULL, NULL, NULL, NULL, NULL, 0, 1),
(232, 'tata2', NULL, '$2y$10$tJ2nplGv5FN61cjyhyeH9OdyDJVD7Hmioji48pxeE0kZ7kXJI4upS', 'tata2', 'tata', '54879685', NULL, NULL, NULL, NULL, NULL, NULL, 0, 1),
(233, 'tata3', NULL, '$2y$10$unIon6p6EPocDugoi7KXmutW0jmuBtYzJTSlzGvHFpoM0leqBcuTy', 'tata3', 'tata', '54879685', NULL, NULL, NULL, NULL, NULL, NULL, 0, 1),
(234, 'firmon1', NULL, '$2y$10$YyALkBVD69fAV7xS0TOIVO9KIIuH0ibPZ9fE1HP43RmKjI0mEYIi6', 'firmon1', 'firmon', '54879685', NULL, NULL, NULL, NULL, NULL, NULL, 0, 1),
(235, 'firmon2', NULL, '$2y$10$8Ofk6m4MLgmFAMtQlkQ6aOH3wBTEOZlKEz0f4DUf.KKrIeNpZSDZa', 'firmon2', 'firmon', '54879685', NULL, NULL, NULL, NULL, NULL, NULL, 0, 1),
(236, 'firmon3', NULL, '$2y$10$ciO/y6.rdcxrQLiJ4pxdZOTiyyWiXIWcrk795HqsN2bEp50UWK4aC', 'firmon3', 'firmon', '54879685', NULL, NULL, NULL, NULL, NULL, NULL, 0, 1),
(237, 'clara1', NULL, '$2y$10$ZSjenJubG.CjVNV4VdFNFuvhb6H2ooaTsj43m.KbZLDVTJhj.DqJm', 'clara1', 'clara', '54879685', NULL, NULL, NULL, NULL, NULL, NULL, 0, 1),
(238, 'clara2', NULL, '$2y$10$qPzFEjEoREgrWnRNVLFk4O7ovH/nSMjqv6gY5iA0t4Q0iFYPt1EUC', 'clara2', 'clara', '54879685', NULL, NULL, NULL, NULL, NULL, NULL, 0, 1),
(239, 'clara3', NULL, '$2y$10$.1BOcn3at4V8TOaz1buhKOFwvgD84jd/j8HuqNv.AoBeAEb6b266e', 'clara3', 'clara', '54879685', NULL, NULL, NULL, NULL, NULL, NULL, 0, 1),
(240, 'papa1', NULL, '$2y$10$HGmRXbLbzZslFgZsnJ7DyeclS3amLtlgsTxU4eZPFZiPhXDolBSay', 'papa1', 'papa', '54879685', NULL, NULL, NULL, NULL, NULL, NULL, 0, 1),
(241, 'papa2', NULL, '$2y$10$FypsNoqGwccYl94pbiERh.z.6YBBoes6WqLrpoQV6XV6DNdxn70.y', 'papa2', 'papa', '54879685', NULL, NULL, NULL, NULL, NULL, NULL, 0, 1),
(242, 'papa3', NULL, '$2y$10$QaLUz2FrTnoIk4ercvC2beWez/j.um7/VmvT1D85AkzHVBFxXFbQm', 'papa3', 'papa', '54879685', NULL, NULL, NULL, NULL, NULL, NULL, 0, 1),
(243, 'nelly1', NULL, '$2y$10$L82Z6a.DXDjCvWWM1gi/6uL40xEWYu1IgJEdtw90THDUTAHr4hyM.', 'nelly1', 'nelly', '54879685', NULL, NULL, NULL, NULL, NULL, NULL, 0, 1),
(244, 'nelly2', NULL, '$2y$10$kzr2IDx/oHY80JoDnBCBzeZVmaIhDzEFem2kULiNxX9wAzulkIXC.', 'nelly2', 'nelly', '54879685', NULL, NULL, NULL, NULL, NULL, NULL, 0, 1),
(245, 'nelly3', NULL, '$2y$10$ql.e1//ikJorC1ts7fyUf.MkHM/jq2GNHdX/tX4LJk6xiChPNSo66', 'nelly3', 'nelly', '54879685', NULL, NULL, NULL, NULL, NULL, NULL, 0, 1),
(246, 'nella1', NULL, '$2y$10$vI6HtSTIkvKM.qlbntxAxe9Bc4C.WW5WdB4GD2d/t9xS4fE4q6Ui6', 'nella1', 'nella', '54879685', NULL, NULL, NULL, NULL, NULL, NULL, 0, 1),
(247, 'nella2', NULL, '$2y$10$Z80wq/Y74qYuvq7jYBHuK.fAKOMjeieU1wskHZTGEl0hDGlVPPHHq', 'nella2', 'nella', '54879685', NULL, NULL, NULL, NULL, NULL, NULL, 0, 1),
(248, 'nella3', NULL, '$2y$10$p3EVjEAbKm.O5ixUxSo0lOm79eSoJr8oLSMhvPCbEvjjoHV/BQEBy', 'nella3', 'nella', '54879685', NULL, NULL, NULL, NULL, NULL, NULL, 0, 1),
(249, 'dansa1', NULL, '$2y$10$wmsKWJKaLmhJU4duFaRRre8R7NjM7vYkxKa.qToWva1FQ.80UNYS2', 'dansa1', 'dansa', '54879685', NULL, NULL, NULL, NULL, NULL, NULL, 0, 1),
(250, 'dansa2', NULL, '$2y$10$ZYWD3sk3VcU/IBvgqJ7q9uL.dKmpAbhB/5oC62JtvDtF3khMpykuq', 'dansa2', 'dansa', '54879685', NULL, NULL, NULL, NULL, NULL, NULL, 0, 1),
(251, 'dansa3', NULL, '$2y$10$oMVVZ8uNDCjNqB99V1kohukegt1D/ftidJoniYCNhpdPjUxMQO72i', 'dansa3', 'dansa', '54879685', NULL, NULL, NULL, NULL, NULL, NULL, 0, 1),
(252, 'laurie', NULL, '$2y$10$gayufLROyTJjorpgxqxPGOakmOFAwCqT7k8fEsMXjk8M.KE6c8fBa', 'laurie', 'Jake223', '54879685', NULL, NULL, NULL, NULL, NULL, NULL, 0, 1),
(253, 'Jaure', NULL, '$2y$10$k7vkjgmFFCyOFEFrJOUPTOX/VX697vK1Kya4ea4g6sGjDvrCDgR6e', 'Jaure', 'Jake223', '54879685', NULL, NULL, NULL, NULL, NULL, NULL, 0, 1),
(254, 'king', NULL, '$2y$10$7je0//MZgHW/VU9mOGft8uJT6cl6P8npeILF9F/NJgtPGzJvXyyry', 'king', 'Jake223', '54879685', NULL, NULL, NULL, NULL, NULL, NULL, 0, 1),
(255, 'klara', '', '$2y$10$T5JrX5mLq8W9hFr0KDRCwuD0hRRu1p/CKgEEnpv7eLn79gJYQMoVu', 'klara', 'Jake221', '54879685', 'M', '2000-01-01', NULL, 'calavi', 'Benin', 'soudeur', 0, 0),
(256, 'lason', '', '$2y$10$OE2ecf7ClsnUfhFTI6Ovi.l1cF8VW/sRNvFW9HJYi0oV7eLPit6gO', 'lason', 'Jake221', '54879685', 'M', '2000-01-01', NULL, 'calavi', 'Benin', 'soudeur', 0, 0),
(257, 'silla', '', '$2y$10$J5JCaxBFYdIyLFARb3nvtuDg8ymR/GFyR27WWlDb6jdrx.kIHmaMm', 'silla', 'Jake221', '54879685', 'M', '2000-01-01', NULL, 'calavi', 'Benin', 'soudeur', 0, 0),
(258, 'momo', '', '$2y$10$jGLJLtr7oSyPqv1i8ogcM.6jcSV4bF5bYAttc882z28calb5mCJZC', 'momo', 'Jake222', '54879685', 'M', '2000-01-01', NULL, 'calavi', 'Benin', 'soudeur', 0, 0),
(259, 'lola', '', '$2y$10$5hFGh.TBeiNT1uaejWMeNOtx67G32Y.YzoGpArSNzLpmuUT5XOuV2', 'lola', 'Jake222', '54879685', 'M', '2000-01-01', NULL, 'calavi', 'Benin', 'soudeur', 0, 0),
(260, 'dine', '', '$2y$10$FU1BMTDnWyjft..MjxrSo.Jdwgp.Xci49SPQy89tmRYNinB30kFGm', 'dine', 'Jake222', '54879685', 'M', '2000-01-01', NULL, 'calavi', 'Benin', 'soudeur', 0, 0),
(261, 'momo1', NULL, '$2y$10$aMnniSAnfmQyu/jZmqLthezbT.bXSdu4a5Ji.Fg1Q3wQatnFojCUO', 'momo1', 'momo', '54879685', NULL, NULL, NULL, NULL, NULL, NULL, 0, 1),
(262, 'momo2', NULL, '$2y$10$RHS8u9oTvnZ.dojt9E8ZB.MKQHTtxiXL7rUqlmJSYTEGyXBg2R6Nm', 'momo2', 'momo', '54879685', NULL, NULL, NULL, NULL, NULL, NULL, 0, 1),
(263, 'momo3', NULL, '$2y$10$iHHn.6J/d4AP74NaC.asyOX3u5Xg4Wd3iXiBOX60jEYaTbGYHOW3W', 'momo3', 'momo', '54879685', NULL, NULL, NULL, NULL, NULL, NULL, 0, 1),
(264, 'lola1', NULL, '$2y$10$Tv92HwVrQuSc463hNqmrWeT/QmKl2Hw4/PVQPg5rN1pTgUei0O3ea', 'lola1', 'lola', '54879685', NULL, NULL, NULL, NULL, NULL, NULL, 0, 1),
(265, 'lola2', NULL, '$2y$10$O9DGkX7xqf7lh53Pdq0HTeeIvzv02NwoTf0pvxr8tLK5zahB/1lr2', 'lola2', 'lola', '54879685', NULL, NULL, NULL, NULL, NULL, NULL, 0, 1),
(266, 'lola3', NULL, '$2y$10$H9RK6fiVkT7fh8iJd8qk4OwmA21QkHmz6E6AT8Eyza4NkMbDukHhq', 'lola3', 'lola', '54879685', NULL, NULL, NULL, NULL, NULL, NULL, 0, 1),
(267, 'dine1', NULL, '$2y$10$MgehKHvUIy3k0JluKcy8He40/8EkvUI9y6JJX73QR6wEc/rOnFJJS', 'dine1', 'dine', '54879685', NULL, NULL, NULL, NULL, NULL, NULL, 0, 1),
(268, 'dine2', NULL, '$2y$10$hTz4jb4NoqbrboLzGXhoA.Fn0aYa.2ZoAuVOOCjWjlXrhUfFISO6m', 'dine2', 'dine', '54879685', NULL, NULL, NULL, NULL, NULL, NULL, 0, 1),
(269, 'dine3', NULL, '$2y$10$K58737GpwNgCSwTWYgX0XuVxmVwo8hJ7Ebs.iixpLb2qNDVjlGs3y', 'dine3', 'dine', '54879685', NULL, NULL, NULL, NULL, NULL, NULL, 0, 1),
(270, 'klara1', NULL, '$2y$10$U66IrL7gql/0qx9uETpJeeNbqDikusaXFn.XLwgyV.rRxTPhNEK1O', 'klara1', 'klara', '54879685', NULL, NULL, NULL, NULL, NULL, NULL, 0, 1),
(271, 'klara2', NULL, '$2y$10$tEbjbV4gAN7LnGVUkaRlSuZzALdmNiMeG8Lb.wX8FcfAumm9VLNKG', 'klara2', 'klara', '54879685', NULL, NULL, NULL, NULL, NULL, NULL, 0, 1),
(272, 'klara3', NULL, '$2y$10$fJ56hvJ1KM8SXIHAlrWo9O4lq5nN6JeLs9wf/VGzjxPf8ExPS/.8u', 'klara3', 'klara', '54879685', NULL, NULL, NULL, NULL, NULL, NULL, 0, 1),
(273, 'lason1', NULL, '$2y$10$11tZDcT3/eZMPlS7H1vKgeXlFLKwiCxHlo8ALBqXK20E4PS56aRMi', 'lason1', 'lason', '54879685', NULL, NULL, NULL, NULL, NULL, NULL, 0, 1),
(274, 'lason2', NULL, '$2y$10$.7ks2eLCsQB/vcWO/F1JZ.wWkr0ew95SKkUCY5KjubncEkz7Kyk1y', 'lason2', 'lason', '54879685', NULL, NULL, NULL, NULL, NULL, NULL, 0, 1),
(275, 'lason3', NULL, '$2y$10$VzJJnQfYdscixXEPPuyibudxvFblmEUpoNRHyL4gcg..sysm6fApS', 'lason3', 'lason', '54879685', NULL, NULL, NULL, NULL, NULL, NULL, 0, 1),
(276, 'silla1', NULL, '$2y$10$.SnBSPvWE291k6MYtxIAT.fx0RSCQ46HRSV1zfQhv2nDftnECxqgm', 'silla1', 'silla', '54879685', NULL, NULL, NULL, NULL, NULL, NULL, 0, 1),
(277, 'silla2', NULL, '$2y$10$5PS6GRaoHp3NnF6Dgc5Gr.ROILzEHtgQR/sfzq/ipFqflj61FR77G', 'silla2', 'silla', '54879685', NULL, NULL, NULL, NULL, NULL, NULL, 0, 1),
(278, 'silla3', NULL, '$2y$10$sojLNOtFK7a1pYn5VoAYFOiQga6pmAG9SivR.fuG.Fb4.mBk5LCKS', 'silla3', 'silla', '54879685', NULL, NULL, NULL, NULL, NULL, NULL, 0, 1),
(279, 'koke', NULL, '$2y$10$ACHLx27MGLLQa2aCJUEcee4KlSK8cA5ArAqGIixruHSQfqKIuOM2G', 'koke', 'Jake231', '54879685', NULL, NULL, NULL, NULL, NULL, NULL, 0, 1),
(280, 'kaje', NULL, '$2y$10$MVWKwgau/MFM/taErp9aL.tY5EoVrqUpogf2jLiBFcE/WAdGrdKKW', 'kaje', 'Jake231', '54879685', NULL, NULL, NULL, NULL, NULL, NULL, 0, 1),
(281, 'nanin', NULL, '$2y$10$EH0nWHcBgMvYGuj4K59TaehaguXT.wuCsyI7ygNwxnanFftaXIZa6', 'Nanin', 'Jake231', '54879685', NULL, NULL, NULL, NULL, NULL, NULL, 0, 1),
(282, 'kalo', NULL, '$2y$10$BHQSah1.CH4EOIgFVoQOY.qBHl0lMVbSucOoyOx2zOWm2DUf5BIPW', 'kalo', 'Jake131', '54879685', NULL, NULL, NULL, NULL, NULL, NULL, 0, 1),
(283, 'sandra', NULL, '$2y$10$W5.ggdUsDCT4rRjCruEpfOlu393eU5lzHhUArRXJvViYhDoRKIWHW', 'sandra', 'Jake131', '54879685', NULL, NULL, NULL, NULL, NULL, NULL, 0, 1),
(284, 'loic', NULL, '$2y$10$pIEKN1X1pXndY/n3scFPA.c5QXzIJVt3vmVSAd/.DefC/4DnQjdTm', 'loic', 'Jake131', '54879685', NULL, NULL, NULL, NULL, NULL, NULL, 0, 1),
(285, 'Gontran', NULL, '$2y$10$tvraRI/XFVWBdKU93lLwLu9XJFnO7MrjzX2TffG/4nk/PgvIPm1H6', 'Gontran', 'Jake132', '54879685', NULL, NULL, NULL, NULL, NULL, NULL, 0, 1),
(286, 'felix', NULL, '$2y$10$Cim8g7f7nMBc2s/EC6Zo.uCsXDjLTp5nwZ37UClwTxHaOubIpaRgq', 'felix', 'Jake132', '54879685', NULL, NULL, NULL, NULL, NULL, NULL, 0, 1),
(287, 'china', NULL, '$2y$10$J27NfiM6ij0YOhftuXTOQukgUMspixy0SvUNUKvM8PNoPUPZH6kym', 'china', 'Jake132', '54879685', NULL, NULL, NULL, NULL, NULL, NULL, 0, 1),
(288, 'brutal', NULL, '$2y$10$80k7luzcWWG9VrXOXiM5G.BcjwOs9WNrDfEEmtrDuktG6YZA9kDnu', 'brutal', 'Jake133', '54879685', NULL, NULL, NULL, NULL, NULL, NULL, 0, 1),
(289, 'tomas', NULL, '$2y$10$0YtucdqEMfLEMW2/kJZXuO49H1GVqc45XwzIGJrJL2qz.XBztlEmC', 'tomas', 'Jake133', '54879685', NULL, NULL, NULL, NULL, NULL, NULL, 0, 1),
(290, 'sanny', NULL, '$2y$10$8XYAyHt36EgyI2qf9l47XebuLPs6C62DHv6ZY1v5/nE3bZEsr8GrC', 'sanny', 'Jake133', '54879685', NULL, NULL, NULL, NULL, NULL, NULL, 0, 1),
(291, 'titan', NULL, '$2y$10$xbTHZG.imxDM9Bda3ZU8buUShTzirdzxhUqQMrb9kfbBwkAtyFkhe', 'titan', 'Jake232', '54879685', NULL, NULL, NULL, NULL, NULL, NULL, 0, 1),
(292, 'falonna', NULL, '$2y$10$Loc/slSeRyQWsSny3a891uUIqPgsdX/aBh5UYgBwZ.MANtVYGpkOy', 'falonna', 'Jake232', '54879685', NULL, NULL, NULL, NULL, NULL, NULL, 0, 1),
(293, 'jeudi', NULL, '$2y$10$TEXkFR9ML3ryaVWB0kRJluNSR9ktwuXj7bbrmHP0R8E3cYf/SjsHy', 'jeudi', 'Jake232', '54879685', NULL, NULL, NULL, NULL, NULL, NULL, 0, 1),
(294, 'kolon', NULL, '$2y$10$PI.G0WDTQAfYqia68xGtxeKw7zJklKRkL25huTJV6ZvHE/kU90ICm', 'kolon', 'Jake233', '54879685', NULL, NULL, NULL, NULL, NULL, NULL, 0, 1),
(295, 'momon', NULL, '$2y$10$ImA.lIIiVyznSNp5tWjaqu9wWHjtM39PcsW14RenZhEanQTgPK3gm', 'momon', 'Jake233', '54879685', NULL, NULL, NULL, NULL, NULL, NULL, 0, 1),
(296, 'bake', NULL, '$2y$10$221Rm7BI2zmKtgG2Gmx0m.sOGQbEck1a6k733n2ug/K0ckna72U3W', 'bake', 'Jake233', '54879685', NULL, NULL, NULL, NULL, NULL, NULL, 0, 1),
(297, 'laura11', NULL, '$2y$10$gDurvkyJYMWoeom.2TBp6Oj1xYCnzUHKHD0LuJGWjJWhlcqPqkKGO', 'laura11', 'laura1', '54879685', NULL, NULL, NULL, NULL, NULL, NULL, 0, 1),
(298, 'laura12', NULL, '$2y$10$EWPzDTASMLST6sqVQ2dH2u4KTIsTE5SBVNqznlP82mru37zvRu/fm', 'laura12', 'laura1', '54879685', NULL, NULL, NULL, NULL, NULL, NULL, 0, 1),
(299, 'laura13', NULL, '$2y$10$ZCZL34umRCUB38FFTK1sF.8v4ws3RCHOXiLMiKElhEDyD30p9RQxy', 'laura13', 'laura1', '54879685', NULL, NULL, NULL, NULL, NULL, NULL, 0, 1),
(300, 'laura21', NULL, '$2y$10$7P9ZxuX8.N0SXbkwAFVIrefi4OHHRsb3GFdPNLjELIz0Tgc6nqpn.', 'laura21', 'laura2', '54879685', NULL, NULL, NULL, NULL, NULL, NULL, 0, 1),
(301, 'laura22', NULL, '$2y$10$hg1faLZ5.wq4um.QDM.zNeIzefbVGVeaeDAlHJr3ruMoYVoKX6SGy', 'laura22', 'laura2', '54879685', NULL, NULL, NULL, NULL, NULL, NULL, 0, 1),
(302, 'laura23', NULL, '$2y$10$kZU1bpAG..HMkt.n9oyGEeUHJujgbQTpLveJvigNo2/oRXDXJonKK', 'laura23', 'laura2', '54879685', NULL, NULL, NULL, NULL, NULL, NULL, 0, 1);
INSERT INTO `user` (`idUser`, `login`, `email`, `password`, `lastName`, `firstName`, `phone`, `sex`, `birthday`, `inscriptionDate`, `adress`, `pays`, `job`, `admin`, `newUser`) VALUES
(303, 'laura31', NULL, '$2y$10$tdnhtIT6Ai2SMeHBoi7DtOeEkml7YVsdjbgreC0XVCT7.kO.lq0d6', 'laura31', 'laura3', '54879685', NULL, NULL, NULL, NULL, NULL, NULL, 0, 1),
(304, 'laura32', NULL, '$2y$10$IsjN5jxtUzP7/tdrCXV6x.6SngSkSaQ56ijCPo6a0kjA130j5j/7G', 'laura32', 'laura3', '54879685', NULL, NULL, NULL, NULL, NULL, NULL, 0, 1),
(305, 'laura33', NULL, '$2y$10$0RKpfeQSJvNNDngiu98v3.Nme7K4YtFE1sdsQwiyxkK5IpHuV/Ch6', 'laura33', 'laura3', '54879685', NULL, NULL, NULL, NULL, NULL, NULL, 0, 1),
(306, 'flao11', NULL, '$2y$10$5vMaRJj8AWyVFA8aSEoBtORl8ZNfSdBLGTJjnAm01NBsCHMcHOnLS', 'flao11', 'flao1', '54879685', NULL, NULL, NULL, NULL, NULL, NULL, 0, 1),
(307, 'flao12', NULL, '$2y$10$B6yz22yVjL.ETkwG9BJwReoiyRmqeZxxSLnV/U3uqw8tmOjWtYoM2', 'flao12', 'flao1', '54879685', NULL, NULL, NULL, NULL, NULL, NULL, 0, 1),
(308, 'flao13', NULL, '$2y$10$iFc8t/t91RT/INyIF3YKN.0J0kr/PkYTug9sj4nIc7mPcb4Gradc2', 'flao13', 'flao1', '54879685', NULL, NULL, NULL, NULL, NULL, NULL, 0, 1),
(309, 'flao21', NULL, '$2y$10$QnXgTpzS00qPEAp/it6qIu6.Je9rULJpomVW0McCx24seIAXgK412', 'flao21', 'flao2', '54879685', NULL, NULL, NULL, NULL, NULL, NULL, 0, 1),
(310, 'flao22', NULL, '$2y$10$ULN7iiKmOrAqHmHc1sMRNeOpVe6C.Kh9SK.IT4EIZUMcRTRMw1Wry', 'flao22', 'flao2', '54879685', NULL, NULL, NULL, NULL, NULL, NULL, 0, 1),
(311, 'flao23', NULL, '$2y$10$YNPFGTCx56CXEBWJHUes9eZQid9wAszkYciYOTgKNh6ZLZf0waeaW', 'flao23', 'flao2', '54879685', NULL, NULL, NULL, NULL, NULL, NULL, 0, 1),
(312, 'flao31', NULL, '$2y$10$HBK4Acsm3bajnmxk416HH.6SlmtkmMdudEo/irxy1TT.5ukv4TwFu', 'flao31', 'flao3', '54879685', NULL, NULL, NULL, NULL, NULL, NULL, 0, 1),
(313, 'flao32', NULL, '$2y$10$fDy/JWJDC7A9padhF4dhUePoh3yeyLgpwlbQvrIWryMnhesT8eIdm', 'flao32', 'flao3', '54879685', NULL, NULL, NULL, NULL, NULL, NULL, 0, 1),
(314, 'flao33', NULL, '$2y$10$EHE6FXBv5HAOKR6LE0SbH.yuHbtKW6Sd/xFimpb/4FVIn7c1laQfO', 'flao33', 'flao3', '54879685', NULL, NULL, NULL, NULL, NULL, NULL, 0, 1),
(315, 'lionel11', NULL, '$2y$10$xp5QXNuHJL/SNU/sYxiaNee6Vt64N5AqtXU/zvbng.zVjA4C1RRhG', 'lionel11', 'lionel1', '54879685', NULL, NULL, NULL, NULL, NULL, NULL, 0, 1),
(316, 'lionel12', NULL, '$2y$10$31r2gWKXtcMRGSeBu/IB/.hsxoGZZjM3U.70F3gNtrjrZv.mn/3Y.', 'lionel12', 'lionel1', '54879685', NULL, NULL, NULL, NULL, NULL, NULL, 0, 1),
(317, 'lionel13', NULL, '$2y$10$VGgpLLoD2UKr13CyFkWtBueTT.nufMpfyTHUkhZPk52Ltu7GG2UKe', 'lionel13', 'lionel1', '54879685', NULL, NULL, NULL, NULL, NULL, NULL, 0, 1),
(318, 'lionel21', NULL, '$2y$10$ytI6hW4okb1P43d9kvITx.s5ujK6yFFV/84cLvJcURy/Pp8Cvm7RC', 'lionel21', 'lionel2', '54879685', NULL, NULL, NULL, NULL, NULL, NULL, 0, 1),
(319, 'lionel22', NULL, '$2y$10$JfWTawM8s0NRsnSzL5QQQu/7QBPImBlw91l0orR.ly4kbKcM.OP2u', 'lionel22', 'lionel2', '54879685', NULL, NULL, NULL, NULL, NULL, NULL, 0, 1),
(320, 'lionel23', NULL, '$2y$10$23d6VCjl4n3WZUWinP/ysu0HQAIBRbpEEoyYSxL61FYffz4AzdbIe', 'lionel23', 'lionel2', '54879685', NULL, NULL, NULL, NULL, NULL, NULL, 0, 1),
(321, 'lionel31', NULL, '$2y$10$RRFIGlFK0JEKDYykK17f7OVTeEWt5H.Hhm3q68gj7bwgSxmhwLkYO', 'lionel31', 'lionel3', '54879685', NULL, NULL, NULL, NULL, NULL, NULL, 0, 1),
(322, 'lionel32', NULL, '$2y$10$Ig322oOyDf4lp4mNZxrD6O8ufMqxgoTo/.n9351yDwUITYElgv.FO', 'lionel32', 'lionel3', '54879685', NULL, NULL, NULL, NULL, NULL, NULL, 0, 1),
(323, 'lionel33', NULL, '$2y$10$Ps8fJUuK964KFqEPxYW83OFK2d0Fivdz3wP5tti7L94433y/0AfNK', 'lionel33', 'lionel3', '54879685', NULL, NULL, NULL, NULL, NULL, NULL, 0, 1),
(324, 'John231', NULL, '$2y$10$ttOTWTIeObibJo9j8658Ne419in0X7gAPG3xIDLGdAkTx.qI3CFWq', 'John231', 'John231', '54879685', NULL, NULL, NULL, NULL, NULL, NULL, 0, 1);

--
-- Indexes for dumped tables
--

--
-- Indexes for table `admins`
--
ALTER TABLE `admins`
  ADD PRIMARY KEY (`id`);

--
-- Indexes for table `codesvalidation`
--
ALTER TABLE `codesvalidation`
  ADD PRIMARY KEY (`idCodesValidation`),
  ADD UNIQUE KEY `idCodesValidation_UNIQUE` (`idCodesValidation`),
  ADD UNIQUE KEY `code` (`code`);

--
-- Indexes for table `filleuls`
--
ALTER TABLE `filleuls`
  ADD PRIMARY KEY (`idFilleuls`,`User_idUser`,`Parrain_idParrain`,`Parrain_User_idUser`),
  ADD UNIQUE KEY `idFilleuls_UNIQUE` (`idFilleuls`),
  ADD KEY `fk_Filleuls_User1_idx` (`User_idUser`),
  ADD KEY `fk_Filleuls_Parrain1_idx` (`Parrain_idParrain`,`Parrain_User_idUser`);

--
-- Indexes for table `parrain`
--
ALTER TABLE `parrain`
  ADD PRIMARY KEY (`idParrain`,`User_idUser`),
  ADD UNIQUE KEY `idParrain_UNIQUE` (`idParrain`),
  ADD KEY `fk_Parrain_User1_idx` (`User_idUser`);

--
-- Indexes for table `parrain_has_code`
--
ALTER TABLE `parrain_has_code`
  ADD PRIMARY KEY (`id`),
  ADD KEY `fk_idpere` (`id_pere`);

--
-- Indexes for table `parrain_has_filleuls`
--
ALTER TABLE `parrain_has_filleuls`
  ADD PRIMARY KEY (`Parrain_idParrain`,`Filleuls_idFilleuls`),
  ADD KEY `fk_Parrain_has_Filleuls_Filleuls1_idx` (`Filleuls_idFilleuls`),
  ADD KEY `fk_Parrain_has_Filleuls_Parrain1_idx` (`Parrain_idParrain`);

--
-- Indexes for table `parrain_has_step`
--
ALTER TABLE `parrain_has_step`
  ADD PRIMARY KEY (`Parrain_idParrain`,`Parrain_User_idUser`,`Step_idStep`),
  ADD KEY `fk_Parrain_has_Step_Step1_idx` (`Step_idStep`),
  ADD KEY `fk_Parrain_has_Step_Parrain1_idx` (`Parrain_idParrain`,`Parrain_User_idUser`);

--
-- Indexes for table `recuperation`
--
ALTER TABLE `recuperation`
  ADD PRIMARY KEY (`id`);

--
-- Indexes for table `step`
--
ALTER TABLE `step`
  ADD PRIMARY KEY (`idStep`),
  ADD UNIQUE KEY `idStep_UNIQUE` (`idStep`);

--
-- Indexes for table `user`
--
ALTER TABLE `user`
  ADD PRIMARY KEY (`idUser`),
  ADD UNIQUE KEY `idUser_UNIQUE` (`idUser`),
  ADD UNIQUE KEY `login_UNIQUE` (`login`);

--
-- AUTO_INCREMENT for dumped tables
--

--
-- AUTO_INCREMENT for table `admins`
--
ALTER TABLE `admins`
  MODIFY `id` int(11) NOT NULL AUTO_INCREMENT, AUTO_INCREMENT=3;

--
-- AUTO_INCREMENT for table `codesvalidation`
--
ALTER TABLE `codesvalidation`
  MODIFY `idCodesValidation` int(11) NOT NULL AUTO_INCREMENT, AUTO_INCREMENT=2149;

--
-- AUTO_INCREMENT for table `filleuls`
--
ALTER TABLE `filleuls`
  MODIFY `idFilleuls` int(11) NOT NULL AUTO_INCREMENT, AUTO_INCREMENT=323;

--
-- AUTO_INCREMENT for table `parrain`
--
ALTER TABLE `parrain`
  MODIFY `idParrain` int(11) NOT NULL AUTO_INCREMENT, AUTO_INCREMENT=109;

--
-- AUTO_INCREMENT for table `parrain_has_code`
--
ALTER TABLE `parrain_has_code`
  MODIFY `id` int(11) NOT NULL AUTO_INCREMENT, AUTO_INCREMENT=324;

--
-- AUTO_INCREMENT for table `recuperation`
--
ALTER TABLE `recuperation`
  MODIFY `id` int(11) NOT NULL AUTO_INCREMENT;

--
-- AUTO_INCREMENT for table `step`
--
ALTER TABLE `step`
  MODIFY `idStep` int(11) NOT NULL AUTO_INCREMENT, AUTO_INCREMENT=5;

--
-- AUTO_INCREMENT for table `user`
--
ALTER TABLE `user`
  MODIFY `idUser` int(11) NOT NULL AUTO_INCREMENT, AUTO_INCREMENT=325;

--
-- Constraints for dumped tables
--

--
-- Constraints for table `filleuls`
--
ALTER TABLE `filleuls`
  ADD CONSTRAINT `fk_Filleuls_Parrain1` FOREIGN KEY (`Parrain_idParrain`,`Parrain_User_idUser`) REFERENCES `parrain` (`idParrain`, `User_idUser`) ON DELETE NO ACTION ON UPDATE NO ACTION,
  ADD CONSTRAINT `fk_Filleuls_User1` FOREIGN KEY (`User_idUser`) REFERENCES `user` (`idUser`) ON DELETE NO ACTION ON UPDATE NO ACTION;

--
-- Constraints for table `parrain`
--
ALTER TABLE `parrain`
  ADD CONSTRAINT `fk_Parrain_User1` FOREIGN KEY (`User_idUser`) REFERENCES `user` (`idUser`) ON DELETE NO ACTION ON UPDATE NO ACTION;

--
-- Constraints for table `parrain_has_code`
--
ALTER TABLE `parrain_has_code`
  ADD CONSTRAINT `fk_idpere` FOREIGN KEY (`id_pere`) REFERENCES `parrain` (`User_idUser`) ON DELETE NO ACTION ON UPDATE NO ACTION;

--
-- Constraints for table `parrain_has_filleuls`
--
ALTER TABLE `parrain_has_filleuls`
  ADD CONSTRAINT `fk_Parrain_has_Filleuls_Filleuls1` FOREIGN KEY (`Filleuls_idFilleuls`) REFERENCES `filleuls` (`idFilleuls`) ON DELETE NO ACTION ON UPDATE NO ACTION,
  ADD CONSTRAINT `fk_Parrain_has_Filleuls_Parrain1` FOREIGN KEY (`Parrain_idParrain`) REFERENCES `parrain` (`idParrain`) ON DELETE NO ACTION ON UPDATE NO ACTION;

--
-- Constraints for table `parrain_has_step`
--
ALTER TABLE `parrain_has_step`
  ADD CONSTRAINT `fk_Parrain_has_Step_Parrain1` FOREIGN KEY (`Parrain_idParrain`,`Parrain_User_idUser`) REFERENCES `parrain` (`idParrain`, `User_idUser`) ON DELETE NO ACTION ON UPDATE NO ACTION,
  ADD CONSTRAINT `fk_Parrain_has_Step_Step1` FOREIGN KEY (`Step_idStep`) REFERENCES `step` (`idStep`) ON DELETE NO ACTION ON UPDATE NO ACTION;
COMMIT;

/*!40101 SET CHARACTER_SET_CLIENT=@OLD_CHARACTER_SET_CLIENT */;
/*!40101 SET CHARACTER_SET_RESULTS=@OLD_CHARACTER_SET_RESULTS */;
/*!40101 SET COLLATION_CONNECTION=@OLD_COLLATION_CONNECTION */;
